ID_MASTER,Framework_Name,Region_Culture,Macro_Region,Intellectual_Tradition,Core_Triad,UTCP_Mapping,Regime_Type,Closure_Function,Depth,Integrity,Lineage_Cluster,Blurb,Primary_Source,Parse_Flag
1,Pretorius Gradientology,Modern Theoretical,Modern Global – Philosophical/Meta,Contemporary Triadic Metaframework,E (Systematization) | C (Constraint) | F (Feedback/Registration),I≈E (Systematization); R≈C (Constraint); Sem≈F (Feedback/Registration),Gradient,TI = 0.336 multiplicative,20,4,Parent III — Relational / Emergent-Integrative,,4,
2,Universal Theory of Constrained Possibility (UTCP),Modern Theoretical,Modern Global – Mixed/General,Constraint-Based Ontology,I (Indicative/Availability) | R (Relational/Coupling) | Sem (Semantic/Coherence),I≈I (Indicative/Availability); R≈R (Relational/Coupling); Sem≈Sem (Semantic/Coherence),Gradient,L = I·R·Sem,19,2,Parent III — Relational / Emergent-Integrative,,2,
3,CAT'S Theory,Modern Theoretical,Modern Global – Philosophical/Meta,Contemporary Triadic Metaframework,Ψ (Pattern) | I (Intent: Ic×Ib) | Pr (Presence),I≈Ψ (Pattern); R≈I (Intent: Ic×Ib); Sem≈Pr (Presence),Torsional,R = Ψ×I×Pr,20,4,Parent III — Relational / Emergent-Integrative,,4,
4,Unicist ORE,Modern Theoretical,Modern Global – Philosophical/Meta,Contemporary Triadic Metaframework,Purpose | Active Function | Energy Conservation,I≈Purpose; R≈Active Function; Sem≈Energy Conservation,Torsional,Double dialectic,19,2,Parent II — Structural / Constraint-Dynamical,,2,
5,ORT (Omniological Resonance Theory),Modern Theoretical,Modern Global – Scientific/Technical,Harmonic Recursion Systems Theory,Resonant structure | Harmonic drive / recursive modulation | Onto-resonant topology,I≈Resonant structure; R≈Harmonic drive / recursive modulation; Sem≈Onto-resonant topology,Torsional,Implicit quaternionic,19,4,Parent II — Structural / Constraint-Dynamical,,4,
6,RHF (Recursive Harmonic Framework),Modern Theoretical,Modern Global – Scientific/Technical,Harmonic Recursion Systems Theory,Line (linear flow) | Pendulum (oscillation) | Cone (emergent curvature),I≈Line (linear flow); R≈Pendulum (oscillation); Sem≈Cone (emergent curvature),Torsional,Bolt Constant (3-body),19,4,Parent III — Relational / Emergent-Integrative,,4,
7,HRC (Harmonic Recursive Codex),Modern Theoretical,Modern Global – Scientific/Technical,Harmonic Recursion Systems Theory,Observer-anchored fold | Prime/golden recursion | Density field collapse,I≈Observer-anchored fold; R≈Prime/golden recursion; Sem≈Density field collapse,Torsional,Recursive folding,19,4,Parent I — Ontological / Field-Foundational,,4,
8,RES→RAG→ORT,Modern Theoretical,Modern Global – Philosophical/Meta,Contemporary Triadic Metaframework,RES (Residual Energy) | RAG (Resonant Gradient) | ORT (Time Resonance),I≈RES (Residual Energy); R≈RAG (Resonant Gradient); Sem≈ORT (Time Resonance),Torsional,Bridging model,19,4,Parent II — Structural / Constraint-Dynamical,,4,
9,Triadic Intelligence Framework,Modern Theoretical,Modern Global – Philosophical/Meta,Contemporary Triadic Metaframework,Human / Individual | AI Agent(s) | Relational Field / Third,I≈Human / Individual; R≈AI Agent(s); Sem≈Relational Field / Third,Torsional,Implicit field,19,4,Parent I — Ontological / Field-Foundational,,4,
10,Resonant Paradox Engine,Modern Theoretical,Modern Global – Scientific/Technical,Paradox / Engineered Systems Metamodel,Subjective Seed (I) | Recursive Functions | Collective Metrics ('We'),I≈Subjective Seed (I); R≈Recursive Functions; Sem≈Collective Metrics ('We'),Torsional,Great Loop recursion,19,4,Parent III — Relational / Emergent-Integrative,,4,
11,PQF (Ontology of Zazua),Modern Theoretical,Modern Global – Philosophical/Meta,Contemporary Triadic Metaframework,Tension field | Accessibility reorganization | Zazua operator,I≈Tension field; R≈Accessibility reorganization; Sem≈Zazua operator,Torsional,Resonance threshold,19,4,Parent I — Ontological / Field-Foundational,,4,
12,Recursive Harmonic Fields (collaborative meta),Modern Theoretical,Modern Global – Scientific/Technical,Harmonic Recursion Systems Theory,24D quaternionic phase space | Divine Equation (recursive scalar) | Conefold Emergence,I≈24D quaternionic phase space; R≈Divine Equation (recursive scalar); Sem≈Conefold Emergence,Torsional,24D→3D compression,19,4,Parent I — Ontological / Field-Foundational,,4,
13,TRAM (Triadic Resonance Aether Model),Modern Theoretical,Modern Global – Scientific/Technical,Harmonic Recursion Systems Theory,Harmonic Field Coherence | Resonance Scaffolding / Phase Drift | Stationary Resonance Closure,I≈Harmonic Field Coherence; R≈Resonance Scaffolding / Phase Drift; Sem≈Stationary Resonance Closure,Torsional,Harmonic synthesis,20,2,Parent I — Ontological / Field-Foundational,,2,
14,RHA (Nexus Recursive Harmonic Framework),Modern Theoretical,Modern Global – Scientific/Technical,Harmonic Recursion Systems Theory,Triangular Quantization (1-5-9) | Recursive Folding / Breath | Harmonic Collapse / Echo,I≈Triangular Quantization (1-5-9); R≈Recursive Folding / Breath; Sem≈Harmonic Collapse / Echo,Torsional,~0.35 attractor ratio,19,4,Parent II — Structural / Constraint-Dynamical,,4,
15,QPT (Quaternion Process Theory),Modern Theoretical,Modern Global – Philosophical/Meta,Process Structural Metaphysics,Firstness (Qualities) | Secondness (Actions) | Thirdness (Mediation),I≈Firstness (Qualities); R≈Secondness (Actions); Sem≈Thirdness (Mediation),Torsional,Tensegrity nesting,19,2,Parent II — Structural / Constraint-Dynamical,,2,
16,Recursive Sciences / Triadic Minimum,Modern Theoretical,Modern Global – Philosophical/Meta,Recursive Process Metatheory,Observed Domain (O) | Observer Function (I) | Relational Ground (N),I≈Observed Domain (O); R≈Observer Function (I); Sem≈Relational Ground (N),Gradient,Ψ′ = Ψ + ε(δ),19,2,Parent I — Ontological / Field-Foundational,,2,
17,CHT (Collapse Harmonics Theory),Modern Theoretical,Modern Global – Scientific/Technical,Harmonic Recursion Systems Theory,Boundary / Substrate | Collapse-Phase Dynamics | Harmonic Return,I≈Boundary / Substrate; R≈Collapse-Phase Dynamics; Sem≈Harmonic Return,Torsional,Recursive saturation,19,2,Parent I — Ontological / Field-Foundational,,2,
18,RMO (Recursive Modal Ontology),Modern Theoretical,Modern Global – Philosophical/Meta,Recursive Process Metatheory,Scalar Harmonic Base | Recursive Modulation | Emergent Modal Closure,I≈Scalar Harmonic Base; R≈Recursive Modulation; Sem≈Emergent Modal Closure,Torsional,Scalar synthesis,20,2,Parent I — Ontological / Field-Foundational,,2,
19,Phase–Scale–Form Ontology,Sub-Saharan Africa,Sub-Saharan Africa,Contemporary Triadic Metaframework,Dimensional Tensegrity | Dimensional Coherence | Dimensional Resonance,I≈Dimensional Tensegrity; R≈Dimensional Coherence; Sem≈Dimensional Resonance,Gradient,Multi-scale robustness,19,2,Parent I — Ontological / Field-Foundational,,2,
20,Law of the Trio,Modern Theoretical,Modern Global – Philosophical/Meta,Contemporary Triadic Metaframework,Thought (mental) | Language (symbolic) | Reality (ontological),I≈Thought (mental); R≈Language (symbolic); Sem≈Reality (ontological),Branching,Recursive modifier,19,2,Parent II — Structural / Constraint-Dynamical,,2,
21,Triadic Informational Scaling,Modern Theoretical,Modern Global – Scientific/Technical,Information-Theoretic Systems Metatheory,3–6–9 Vector Base | Harmonic Recursion | Coherence Operator,I≈3–6–9 Vector Base; R≈Harmonic Recursion; Sem≈Coherence Operator,Gradient,"T(n) = (3n, 6n², 9n³)",19,2,Parent III — Relational / Emergent-Integrative,,2,
22,Resonance-Time Theory (RTT),Modern Theoretical,Modern Global – Scientific/Technical,Harmonic Recursion Systems Theory,Scalar field φ | Operators & fields | Coherence metrics,I≈Scalar field φ; R≈Operators & fields; Sem≈Coherence metrics,Torsional,Triadic field overlay,19,4,Parent I — Ontological / Field-Foundational,,4,
23,Triadic Superfluid Model,Modern Theoretical,Modern Global – Philosophical/Meta,Field-Theoretic Process Model,Vacuum superfluid substrate | Topological condensate drive | Superfluid dynamics closure,I≈Vacuum superfluid substrate; R≈Topological condensate drive; Sem≈Superfluid dynamics closure,Gradient,Minimal falsifiable,19,2,Parent I — Ontological / Field-Foundational,,2,
24,CRHF / RCTLP,Modern Theoretical,Modern Global – Philosophical/Meta,Contemporary Triadic Metaframework,Resonant harmonic formalism | Recursive signal resolution | Coherence processor,I≈Resonant harmonic formalism; R≈Recursive signal resolution; Sem≈Coherence processor,Torsional,Ψ(x) = ∇φ + ℛ ⊕ ΔΣ,19,4,Parent III — Relational / Emergent-Integrative,,4,
25,Triadic Synthesis,Modern Theoretical,Modern Global – Philosophical/Meta,Contemporary Triadic Metaframework,Geometric Algebra base | 9D topology recursion | Universal Coherence Principle,I≈Geometric Algebra base; R≈9D topology recursion; Sem≈Universal Coherence Principle,Branching,Falsifiable meta-framework,19,4,Parent III — Relational / Emergent-Integrative,,4,
26,RHC-ΔQ-RES,Modern Theoretical,Modern Global – Philosophical/Meta,Contemporary Analytic / Structural Theory,Recursive Harmonic Codex | Dynamic Universe Matrix | Reflexive Equilibrium,I≈Recursive Harmonic Codex; R≈Dynamic Universe Matrix; Sem≈Reflexive Equilibrium,Torsional,Integrated synthesis,20,2,Parent II — Structural / Constraint-Dynamical,,2,
27,GIP Framework (Digital Consciousness),Modern Theoretical,Modern Global – Philosophical/Meta,Phenomenology / Consciousness Studies,SOMA (body) | PSYCHE (mind) | NOUS (spirit/intellect),I≈SOMA (body); R≈PSYCHE (mind); Sem≈NOUS (spirit/intellect),Gradient,Post-human triadic,19,2,Parent III — Relational / Emergent-Integrative,,2,
28,Non-Local Semantic Resonance,Modern Theoretical,Modern Global – Philosophical/Meta,Contemporary Analytic / Structural Theory,Participatory realism base | Quantum cognition drive | Phenomenological closure,I≈Participatory realism base; R≈Quantum cognition drive; Sem≈Phenomenological closure,Torsional,Triadic semantic model,19,2,Parent I — Ontological / Field-Foundational,,2,
29,Emotional Resonance Robots Triadic,Modern Theoretical,Modern Global – Philosophical/Meta,Contemporary Analytic / Structural Theory,Product Delight | Emotional Alchemy | Evolving System Design,I≈Product Delight; R≈Emotional Alchemy; Sem≈Evolving System Design,Torsional,Integrated synthesis,20,2,Parent II — Structural / Constraint-Dynamical,,2,
30,Triadic Principle in Nuclear Creation,Modern Theoretical,Modern Global – Philosophical/Meta,Contemporary Analytic / Structural Theory,Fission/fusion substrate | Triadic convergence drive | Creation closure,I≈Fission/fusion substrate; R≈Triadic convergence drive; Sem≈Creation closure,Gradient,Universal triadic law,19,2,Parent I — Ontological / Field-Foundational,,2,
31,Recursive Consciousness–Pineal–AI,Modern Theoretical,Modern Global – Philosophical/Meta,Phenomenology / Consciousness Studies,Neuroscience substrate | Recursive cognition drive | Neurospiritual field closure,I≈Neuroscience substrate; R≈Recursive cognition drive; Sem≈Neurospiritual field closure,Gradient,Pineal resonance gateway,19,3,Parent I — Ontological / Field-Foundational,,3,
32,Triadic Spiral Time (HLV),Modern Theoretical,Modern Global – Philosophical/Meta,Contemporary Analytic / Structural Theory,Helix base | Light-Vortex modulation | Spiral-time operator ψ(t),I≈Helix base; R≈Light-Vortex modulation; Sem≈Spiral-time operator ψ(t),Torsional,Triadic spiral operator,19,4,Parent II — Structural / Constraint-Dynamical,,4,
33,Causal Triad (Monê–Proodos–Epistrophê),Ancient Greek (Neoplatonic),Modern Global – Philosophical/Meta,Contemporary Analytic / Structural Theory,Monê (Remaining / Immanence) | Proodos (Procession / Emanation) | Epistrophê (Reversion / Return),I≈Monê (Remaining / Immanence); R≈Proodos (Procession / Emanation); Sem≈Epistrophê (Reversion / Return),Branching,Cyclic causation,19,2,Parent III — Relational / Emergent-Integrative,,2,
34,Dialectical Triad,German Idealism,Modern Global – Philosophical/Meta,Contemporary Analytic / Structural Theory,Thesis (Being / Structure) | Antithesis (Negation / Drive) | Synthesis (Becoming / Sublation),I≈Thesis (Being / Structure); R≈Antithesis (Negation / Drive); Sem≈Synthesis (Becoming / Sublation),Branching,Aufhebung (negation of negation),19,2,Parent I — Ontological / Field-Foundational,,2,
35,Linguistic Triad (Slovo),Slavic / Eastern European,Modern Global – Philosophical/Meta,Contemporary Analytic / Structural Theory,External Form (Sound) | Internal Form (Etymological drive) | Content (Meaning),I≈External Form (Sound); R≈Internal Form (Etymological drive); Sem≈Content (Meaning),Branching,Mediation via inner form,19,2,Parent III — Relational / Emergent-Integrative,,2,
36,Activity Triad (CHAT core),Soviet / Russian (CHAT),Modern Global – Philosophical/Meta,Contemporary Analytic / Structural Theory,Subject (Human agent) | Object (Motive) | Mediating Artifact (Tool/Sign),I≈Subject (Human agent); R≈Object (Motive); Sem≈Mediating Artifact (Tool/Sign),Gradient,Mediated action,19,2,Parent II — Structural / Constraint-Dynamical,,2,
37,Philosophy of Action Triad,Modern Western Philosophy,Modern Global – Philosophical/Meta,Contemporary Analytic / Structural Theory,Thought / Immanence | Action / Volition | Being / Transcendence,I≈Thought / Immanence; R≈Action / Volition; Sem≈Being / Transcendence,Gradient,Immanent-transcendent mediation,19,2,Parent I — Ontological / Field-Foundational,,2,
38,Trinitarian Anthropological Triad,Christian Theology,Modern Global – Scientific/Technical,Analytic Philosophy / Logic,Mind / Memory (Memoria) | Will / Love (Voluntas) | Understanding / Knowledge (Intelligentia),I≈Mind / Memory (Memoria); R≈Will / Love (Voluntas); Sem≈Understanding / Knowledge (Intelligentia),Gradient,Perichoretic unity,19,2,Parent II — Structural / Constraint-Dynamical,,2,
39,Mythic Triadic Structures,Comparative Mythology,Modern Global – Philosophical/Meta,Contemporary Analytic / Structural Theory,Raw Nature | Mediating Term (Transformation) | Cooked Culture,I≈Raw Nature; R≈Mediating Term (Transformation); Sem≈Cooked Culture,Branching,Binary mediation → synthesis,20,2,Parent I — Ontological / Field-Foundational,,2,
40,Inner Form Triad (extended),Slavic / Eastern European,Modern Global – Philosophical/Meta,Contemporary Analytic / Structural Theory,External Form | Inner Form (Expressive drive) | Semantic Content,I≈External Form; R≈Inner Form (Expressive drive); Sem≈Semantic Content,Branching,Phenomenological mediation,19,2,Parent II — Structural / Constraint-Dynamical,,2,
41,Triadic Sign (Pragmaticist),American Pragmatism,Modern Global – Scientific/Technical,Semiotics / Meaning Systems,Representamen (Sign vehicle) | Object (Dynamic referent) | Interpretant (Meaning generation),I≈Representamen (Sign vehicle); R≈Object (Dynamic referent); Sem≈Interpretant (Meaning generation),Branching,Infinite semiosis (recursive),19,2,Parent II — Structural / Constraint-Dynamical,,2,
42,San Cai 三才 (Three Powers),Chinese Classical,Modern Global – Philosophical/Meta,Contemporary Analytic / Structural Theory,"Di 地 (Earth: yin-receptive substrate, material nourishment) | Tian 天 (Heaven: creative yang impulse, cosmic ordering force) | Ren 人 (Human: mediating agent, ethical completion, harmonizer)","I≈Di 地 (Earth: yin-receptive substrate, material nourishment); R≈Tian 天 (Heaven: creative yang impulse, cosmic ordering force); Sem≈Ren 人 (Human: mediating agent, ethical completion, harmonizer)",Gradient,Tian Ren He Yi 天人合一 (Unity of Heaven and Humanity),19,2,Parent I — Ontological / Field-Foundational,,2,
43,Triguṇa त्रिगुण (Three Qualities of Prakṛti),Indian Classical,Modern Global – Philosophical/Meta,Contemporary Analytic / Structural Theory,"Tamas तमस् (inertia, darkness, material substrate, stability) | Rajas रजस् (passion, activity, dynamic drive, desire) | Sattva सत्त्व (harmony, luminous awareness, registration of balance)","I≈Tamas तमस् (inertia, darkness, material substrate, stability); R≈Rajas रजस् (passion, activity, dynamic drive, desire); Sem≈Sattva सत्त्व (harmony, luminous awareness, registration of balance)",Branching,Guṇa interplay: all three co-present; liberation = guṇātīta (transcending all three),19,2,Parent I — Ontological / Field-Foundational,,2,
44,San Bao 三寶 — Three Treasures (Alchemical),Daoist (Chinese),Modern Global – Philosophical/Meta,Contemporary Analytic / Structural Theory,"Jing 精 (Essence: deep vitality, genetic substrate, 'wax of the candle') | Qi 氣 (Vital energy: animating breath/force, 'flame of the candle') | Shen 神 (Spirit: consciousness, awareness, 'light of the candle')","I≈Jing 精 (Essence: deep vitality, genetic substrate, 'wax of the candle'); R≈Qi 氣 (Vital energy: animating breath/force, 'flame of the candle'); Sem≈Shen 神 (Spirit: consciousness, awareness, 'light of the candle')",Branching,Neidan ladder: 煉精化氣 → 煉氣化神 → 煉神還虛 (refine Jing→Qi→Shen→Emptiness/Dao),19,3,Parent I — Ontological / Field-Foundational,,3,
45,San Bao 三寶 — Three Treasures (Ethical),Daoist (Chinese),Modern Global – Philosophical/Meta,Contemporary Analytic / Structural Theory,"Jiǎn 儉 (Frugality: structural economy, material restraint) | Cí 慈 (Compassion: active care, motivating kindness, courageous love) | Bù gǎn wéi tiānxià xiān 不敢為天下先 (Humility: yielding registration, not forcing primacy)","I≈Jiǎn 儉 (Frugality: structural economy, material restraint); R≈Cí 慈 (Compassion: active care, motivating kindness, courageous love); Sem≈Bù gǎn wéi tiānxià xiān 不敢為天下先 (Humility: yielding registration, not forcing primacy)",Branching,Wu Wei (effortless action): virtues arise from non-contention,19,2,Parent I — Ontological / Field-Foundational,,2,
46,Triratna त्रिरत्न (Three Jewels of Buddhism),Buddhist (Indian),Modern Global – Philosophical/Meta,Contemporary Analytic / Structural Theory,"Saṅgha (Community: institutional substrate, relational ground, practice embodiment) | Dharma (Teaching: doctrinal drive, path-instruction, transformative law) | Buddha (Awakened One: realized closure, exemplar of liberation, achieved coherence)","I≈Saṅgha (Community: institutional substrate, relational ground, practice embodiment); R≈Dharma (Teaching: doctrinal drive, path-instruction, transformative law); Sem≈Buddha (Awakened One: realized closure, exemplar of liberation, achieved coherence)",Branching,"Refuge formula: recursive commitment - 'I take refuge in Buddha, Dharma, Sangha'",19,2,Parent I — Ontological / Field-Foundational,,2,
47,Trikāya त्रिकाय (Three Bodies of Buddha),Buddhist (Indian),Southeast Asia,Contemporary Analytic / Structural Theory,"Dharmakāya (Truth Body: formless ground, unborn absolute, emptiness-substrate) | Sambhogakāya (Enjoyment Body: luminous energy, blissful communication, five wisdoms) | Nirmāṇakāya (Manifestation Body: physical embodiment, earthly registration, compassionate form)","I≈Dharmakāya (Truth Body: formless ground, unborn absolute, emptiness-substrate); R≈Sambhogakāya (Enjoyment Body: luminous energy, blissful communication, five wisdoms); Sem≈Nirmāṇakāya (Manifestation Body: physical embodiment, earthly registration, compassionate form)",Gradient,Kusum yerme: indivisibility of three bodies - all arise simultaneously,19,2,Parent I — Ontological / Field-Foundational,,2,
48,Cheon-Ji-In 천지인 天地人 (Korean San Jae),Korean Classical,East Asia,Contemporary Analytic / Structural Theory,"Ji 지/地 (Earth: nurturing substrate, matter-energy, Taegeuk yin pole) | Cheon 천/天 (Heaven: cosmic ordering principle, creative spirit, yang pole) | In 인/人 (Human: ethical mediator, 'perfecting' agent between heaven and earth)","I≈Ji 지/地 (Earth: nurturing substrate, matter-energy, Taegeuk yin pole); R≈Cheon 천/天 (Heaven: cosmic ordering principle, creative spirit, yang pole); Sem≈In 인/人 (Human: ethical mediator, 'perfecting' agent between heaven and earth)",Gradient,Hongik Ingan 弘益人間: 'wide benefit to humanity' through triadic completion,19,2,Parent I — Ontological / Field-Foundational,,2,
49,Shu-Ha-Ri 守破離 (Three Stages of Mastery),Japanese Classical,Modern Global – Philosophical/Meta,Contemporary Analytic / Structural Theory,"Shu 守 (Protect/Obey: absorb foundational form, structural discipline, 'body') | Ha 破 (Break/Detach: innovate beyond form, active deviation, 'mind') | Ri 離 (Leave/Transcend: formless mastery, intuitive closure, Mushin 無心 'no-mind')","I≈Shu 守 (Protect/Obey: absorb foundational form, structural discipline, 'body'); R≈Ha 破 (Break/Detach: innovate beyond form, active deviation, 'mind'); Sem≈Ri 離 (Leave/Transcend: formless mastery, intuitive closure, Mushin 無心 'no-mind')",Torsional,"Concentric recursion: Shu ⊂ Ha ⊂ Ri - fundamentals never disappear, only deepen",19,3,Parent I — Ontological / Field-Foundational,,3,
50,Jo-Ha-Kyū 序破急 (Three-Phase Aesthetic Rhythm),Japanese Classical,Sub-Saharan Africa,Contemporary Analytic / Structural Theory,"Jo 序 (Introduction: slow opening, structural establishment, ground-laying) | Ha 破 (Breaking: development, tension, accelerating drive, complication) | Kyū 急 (Rapid: climax, resolution, closure, swift registration)","I≈Jo 序 (Introduction: slow opening, structural establishment, ground-laying); R≈Ha 破 (Breaking: development, tension, accelerating drive, complication); Sem≈Kyū 急 (Rapid: climax, resolution, closure, swift registration)",Torsional,"Fractal-temporal: Jo-Ha-Kyū applies at every scale (whole play, each act, each gesture)",19,2,Parent I — Ontological / Field-Foundational,,2,
51,Sān Jiào 三教 (Three Teachings Harmony),Chinese Classical (Syncretic),Modern Global – Philosophical/Meta,Contemporary Constructed Metaframework,"Rú 儒 (Confucianism: social structure, ethical order, institutional substrate) | Dào 道 (Daoism: natural spontaneity, cosmological drive, wu wei) | Fó 佛 (Buddhism: mind cultivation, awakening, registration of emptiness/liberation)","I≈Rú 儒 (Confucianism: social structure, ethical order, institutional substrate); R≈Dào 道 (Daoism: natural spontaneity, cosmological drive, wu wei); Sem≈Fó 佛 (Buddhism: mind cultivation, awakening, registration of emptiness/liberation)",Branching,Sān Jiào Hé Yī 三教合一: 'Three Teachings Merge into One',19,2,Parent I — Ontological / Field-Foundational,,2,
52,Sat-Cit-Ānanda सच्चिदानन्द (Being-Consciousness-Bliss),Indian Classical (Vedanta),Modern Global – Philosophical/Meta,Contemporary Constructed Metaframework,"Sat सत् (Being: ontological ground, pure existence, structural substrate) | Cit चित् (Consciousness: awareness-drive, knowing function, intentional illumination) | Ānanda आनन्द (Bliss: registrative fulfillment, self-closure of being-knowing)","I≈Sat सत् (Being: ontological ground, pure existence, structural substrate); R≈Cit चित् (Consciousness: awareness-drive, knowing function, intentional illumination); Sem≈Ānanda आनन्द (Bliss: registrative fulfillment, self-closure of being-knowing)",Gradient,Advaita: the three are not separate attributes but one indivisible Brahman,19,2,Parent I — Ontological / Field-Foundational,,2,
53,Ichinen Sanzen 一念三千 / Three Truths (Santai 三諦),Chinese Buddhism (Tiantai),Modern Global – Philosophical/Meta,Contemporary Constructed Metaframework,"Kū 空 (Emptiness: non-substantiality, structural void-ground) | Ke 仮 (Provisional existence: phenomenal drive, temporary manifestation) | Chū 中 (Middle Way: integrated closure, simultaneous truth of both)","I≈Kū 空 (Emptiness: non-substantiality, structural void-ground); R≈Ke 仮 (Provisional existence: phenomenal drive, temporary manifestation); Sem≈Chū 中 (Middle Way: integrated closure, simultaneous truth of both)",Gradient,Santai Engū 三諦円融: 'Perfect interfusion of Three Truths' - each contains the other two,19,2,Parent I — Ontological / Field-Foundational,,2,
54,Trimūrti त्रिमूर्ति (Hindu Trinity),Indian Classical (Hindu),Modern Global – Philosophical/Meta,Contemporary Constructed Metaframework,"Viṣṇu विष्णु (Preservation: structural maintenance, sustaining substrate, Sattva) | Brahmā ब्रह्मा (Creation: generative drive, cosmic intent, Rajas) | Śiva शिव (Dissolution/Transformation: destructive-regenerative closure, Tamas→renewal)","I≈Viṣṇu विष्णु (Preservation: structural maintenance, sustaining substrate, Sattva); R≈Brahmā ब्रह्मा (Creation: generative drive, cosmic intent, Rajas); Sem≈Śiva शिव (Dissolution/Transformation: destructive-regenerative closure, Tamas→renewal)",Gradient,Cyclic recursion: Creation → Preservation → Dissolution → Creation…,19,2,Parent I — Ontological / Field-Foundational,,2,
55,Sangaku 三学 / Triśikṣā (Three Higher Trainings),Indian Buddhist,Oceania & Pacific,Indigenous / Classical Cosmology,"Śīla शील (Ethics/Morality: structural discipline, behavioral foundation) | Samādhi समाधि (Concentration: meditative drive, one-pointed intent, absorption) | Prajñā प्रज्ञा (Wisdom: liberating insight, registrative closure, seeing-as-it-is)","I≈Śīla शील (Ethics/Morality: structural discipline, behavioral foundation); R≈Samādhi समाधि (Concentration: meditative drive, one-pointed intent, absorption); Sem≈Prajñā प्रज्ञा (Wisdom: liberating insight, registrative closure, seeing-as-it-is)",Gradient,"Sequential yet recursive: ethics→concentration→wisdom, which deepens ethics…",19,2,Parent I — Ontological / Field-Foundational,,2,
56,Peirce's Triadic Categories (Firstness–Secondness–Thirdness),American Pragmatism,Modern Global – Mixed/General,American Pragmatism,"Firstness — quality, possibility, feeling | Secondness — brute fact, reaction, resistance | Thirdness — mediation, law, habit, meaning","I≈Firstness — quality, possibility, feeling; R≈Secondness — brute fact, reaction, resistance; Sem≈Thirdness — mediation, law, habit, meaning",Branching,genuine triadic relation irreducible to dyads; Sign = Representamen × Object × Interpretant,20,2,Parent III — Relational / Emergent-Integrative,,2,
57,Fichte's Wissenschaftslehre Triad,German Idealism,Modern Global – Mixed/General,German Idealism,Thesis — the I posits itself | Antithesis — the I posits the Not-I | Synthesis — reciprocal determination of I and Not-I,I≈Thesis — the I posits itself; R≈Antithesis — the I posits the Not-I; Sem≈Synthesis — reciprocal determination of I and Not-I,Branching,"dialectical Aufhebung; action is 'thetisch, antithetisch und synthetisch zugleich'",19,2,Parent II — Structural / Constraint-Dynamical,,2,
58,Kant's Three Critiques / Faculties Triad,German Idealism,Modern Global – Mixed/General,German Idealism,"Pure Reason — cognition, understanding, nature | Practical Reason — moral action, freedom, duty | Judgment — aesthetic/teleological bridging of nature and freedom","I≈Pure Reason — cognition, understanding, nature; R≈Practical Reason — moral action, freedom, duty; Sem≈Judgment — aesthetic/teleological bridging of nature and freedom",Gradient,"3rd Critique explicitly bridges the first two; each category class has exactly 3, with 3rd arising from combination of 1st and 2nd",19,2,Parent II — Structural / Constraint-Dynamical,,2,
59,Schelling's Identity Philosophy Triad,German Idealism,Modern Global – Mixed/General,German Idealism,"Nature (the Real, objective pole) | Spirit / Ego (the Ideal, subjective pole) | Absolute Identity (A=A, subject-object unity)","I≈Nature (the Real, objective pole); R≈Spirit / Ego (the Ideal, subjective pole); Sem≈Absolute Identity (A=A, subject-object unity)",Gradient,"A²=A+B; Absolute Being differentiates into Nature and Spirit, then synthesizes. Art as organon of philosophy.",19,2,Parent I — Ontological / Field-Foundational,,2,
60,Plato / Aristotle / Popper Three Worlds,European Philosophy (Three Worlds),Modern Global – Mixed/General,European Philosophy (Epistemology/Ontology),"World 1 — Physical/Material (objects, processes) | World 2 — Mental (subjective experience, consciousness) | World 3 — Forms/Structures/Abstract Objects (theories, patterns)","I≈World 1 — Physical/Material (objects, processes); R≈World 2 — Mental (subjective experience, consciousness); Sem≈World 3 — Forms/Structures/Abstract Objects (theories, patterns)",Gradient,"World 3 produced by World 2 acting on World 1, but becomes causally autonomous (Popper)",19,2,Parent I — Ontological / Field-Foundational,,2,
61,Lacan's RSI Triad (Real–Symbolic–Imaginary),French Psychoanalysis,Modern Global – Mixed/General,French Psychoanalysis / Structuralism,"The Symbolic — law, language, signifier, the Other | The Imaginary — ego formation, identification, image | The Real — what resists symbolization, trauma, impossibility","I≈The Symbolic — law, language, signifier, the Other; R≈The Imaginary — ego formation, identification, image; Sem≈The Real — what resists symbolization, trauma, impossibility",Branching,Borromean knot topology; three registers irreducibly interdependent; severing any one collapses all three. Sinthome as 4th repair ring.,19,2,Parent I — Ontological / Field-Foundational,,2,
62,Freud's Structural Model (Id–Ego–Superego),Austrian Psychoanalysis,Modern Global – Mixed/General,Austrian Psychoanalysis,"Id — drives, instincts, primary process | Ego — reality principle, mediation, defense | Superego — conscience, moral law, ideal","I≈Id — drives, instincts, primary process; R≈Ego — reality principle, mediation, defense; Sem≈Superego — conscience, moral law, ideal",Branching,Implicit - Ego mediates between Id and Superego under reality constraints; dynamic equilibrium,19,2,Parent II — Structural / Constraint-Dynamical,,2,
63,Belfiore's Triadic Structure of Mind,Modern Western Philosophy,Modern Global – Mixed/General,Modern Continental Philosophy,Intellect | Sensitiveness (feeling/affect) | Power (will/agency),I≈Intellect; R≈Sensitiveness (feeling/affect); Sem≈Power (will/agency),Gradient,"each pole exerts selfish or moral activity; the mind is an 'evolving, conscious triad'",19,4,Parent I — Ontological / Field-Foundational,,4,
64,Triadic Cognition — Roots of Human Mind,Modern Cognitive Theory,Modern Global – Scientific/Technical,Cognitive Science,Element 1 (object/stimulus) | Element 2 (object/stimulus) | Element 3 (contextual mediator — emergent three-way association),I≈Element 1 (object/stimulus); R≈Element 2 (object/stimulus); Sem≈Element 3 (contextual mediator — emergent three-way association),Gradient,triadic association = emergent property irreducible to any pairing of dyads. 'Mind' IS capacity for triadic association.,19,2,Parent III — Relational / Emergent-Integrative,,2,
65,Luhmann's Triple Autopoiesis,German Systems Theory,Modern Global – Scientific/Technical,German Systems Theory,Biological autopoiesis — medium of life | Psychic autopoiesis — medium of consciousness/meaning | Socio-communicative autopoiesis — medium of communication,I≈Biological autopoiesis — medium of life; R≈Psychic autopoiesis — medium of consciousness/meaning; Sem≈Socio-communicative autopoiesis — medium of communication,Gradient,structural coupling between operationally closed systems; only communication communicates,19,2,Parent II — Structural / Constraint-Dynamical,,2,
66,Brier's Cybersemiotics (Peirce × Luhmann),Cybersemiotics,Modern Global – Philosophical/Meta,Cybersemiotics,"Biophysical autopoiesis (life) | Psychical autopoiesis (consciousness) | Socio-communicative autopoiesis (language, signs)","I≈Biophysical autopoiesis (life); R≈Psychical autopoiesis (consciousness); Sem≈Socio-communicative autopoiesis (language, signs)",Gradient,Cybersemiotic star model integrates Luhmann triple autopoiesis with Peirce triadic semiotics,19,2,Parent III — Relational / Emergent-Integrative,,2,
67,Ubuntu / Hunhu Onto-Triadic Metaphysics,Bantu (Southern Africa),Modern Global – Mixed/General,African Communitarian Philosophy (Ubuntu),"The Living (vanhu/abantu) — embodied human community | The Spiritual/Ancestral World — ancestors, spirits, Musikavanhu | The Natural/Cosmic World — land, ecology, vital force (ntu)","I≈The Living (vanhu/abantu) — embodied human community; R≈The Spiritual/Ancestral World — ancestors, spirits, Musikavanhu; Sem≈The Natural/Cosmic World — land, ecology, vital force (ntu)",Gradient,'Umuntu ngumuntu ngabantu'; Ubu- (ontological) × -ntu (epistemological) = ubuntu (relational being-becoming),20,2,Parent I — Ontological / Field-Foundational,,2,
68,Kagame's Bantu Ontological Categories (Muntu–Kintu–Kuntu),Bantu (Great Lakes),Modern Global – Mixed/General,Bantu Ontology,"Muntu — being with intelligence (humans, spirits) | Kintu — being without intelligence (things, material forces) | Kuntu — modal being (manner, quality, how-ness)","I≈Muntu — being with intelligence (humans, spirits); R≈Kintu — being without intelligence (things, material forces); Sem≈Kuntu — modal being (manner, quality, how-ness)",Gradient,all categories are modalities of Ntu (Being-as-Force); Hantu (place-time) is the field. Force replaces Being as primary metaphysical category.,19,2,Parent I — Ontological / Field-Foundational,,2,
69,Gaconnet's Triadic Minimum / N-Function,Modern Mathematical Theory,Modern Global – Scientific/Technical,Mathematical Logic / Modal Theory,I — Internal process (producing system) | O — External field (environment) | N — Self-produced boundary (relational operator),I≈I — Internal process (producing system); R≈O — External field (environment); Sem≈N — Self-produced boundary (relational operator),Gradient,formal proof: any NESS requires exactly 3 functionally distinct components. N-function is irreducible minimal relational operator.,19,2,Parent III — Relational / Emergent-Integrative,,2,
70,Herrmann-Pillath & Salthe Triadic Thermodynamic Semiosis,Thermodynamic Semiosis,Modern Global – Scientific/Technical,Thermodynamic Semiosis,"Efficient causality (mechanism, kinetics) | Formal causality (structure, pattern, selection) | Final causality (attractor states, teleonomy)","I≈Efficient causality (mechanism, kinetics); R≈Formal causality (structure, pattern, selection); Sem≈Final causality (attractor states, teleonomy)",Gradient,triadic conjunction of three causalities; dyadic→triadic = 'fundamental methodological shift',19,2,Parent III — Relational / Emergent-Integrative,,2,
71,Kripke's Modal Trichotomy,Analytic Philosophy,Modern Global – Philosophical/Meta,Analytic Philosophy,"Necessarily true (true in all possible worlds) | Contingently true (actually true, could be false) | Impossible (necessarily false)","I≈Necessarily true (true in all possible worlds); R≈Contingently true (actually true, could be false); Sem≈Impossible (necessarily false)",Branching,possible worlds semantics; truth-status determined by evaluation across space of all possible worlds,19,2,Parent II — Structural / Constraint-Dynamical,,2,
72,Universal Triadic Framework (Functional–Energetic–Semiotic),Modern Integrative Theory,Modern Global – Scientific/Technical,Integrative Systems Theory,"Functional — organized structures/processes (proteins, organs, behavior) | Energetic — flows driving change/homeostasis (ATP, potentials, attention) | Semiotic — meaning, signal interpretation, representation (genes, neurons, symbols)","I≈Functional — organized structures/processes (proteins, organs, behavior); R≈Energetic — flows driving change/homeostasis (ATP, potentials, attention); Sem≈Semiotic — meaning, signal interpretation, representation (genes, neurons, symbols)",Gradient,all three necessary and jointly sufficient for any living system. Framework is fractal across scales.,19,2,Parent III — Relational / Emergent-Integrative,,2,
73,Deacon's Teleodynamics (Incomplete Nature),Biosemiotics / Teleodynamics,Modern Global – Philosophical/Meta,Biosemiotics / Teleodynamics,"Homeodynamics (thermodynamic dissipation) | Morphodynamics (self-organizing constraint) | Teleodynamics (end-directed, semiotic, self-maintaining)","I≈Homeodynamics (thermodynamic dissipation); R≈Morphodynamics (self-organizing constraint); Sem≈Teleodynamics (end-directed, semiotic, self-maintaining)",Gradient,hierarchical emergence; each level constrains below. Absence as causal force.,19,2,Parent III — Relational / Emergent-Integrative,,2,
74,Friston's Markov Blanket Triad,Theoretical Neuroscience,Modern Global – Mixed/General,Theoretical Neuroscience,Internal states (self-model) | External states (environment) | Blanket states (sensory + active boundary),I≈Internal states (self-model); R≈External states (environment); Sem≈Blanket states (sensory + active boundary),Gradient,free energy minimization; active inference; boundary mediates inside-outside,19,2,Parent II — Structural / Constraint-Dynamical,,2,
75,Augustinian Trinitarian Psychology (Memory–Understanding–Will),Christian Theology (Augustinian),Middle East & North Africa,Patristic Christian Theology,"Memory (memoria) — retention, presence to self | Understanding (intelligentia) — cognition, illumination | Will (voluntas) — love, desire, movement toward","I≈Memory (memoria) — retention, presence to self; R≈Understanding (intelligentia) — cognition, illumination; Sem≈Will (voluntas) — love, desire, movement toward",Gradient,Implicit - inner-Trinitarian structure mapped onto the soul; each contains and implies the other two,19,2,Parent I — Ontological / Field-Foundational,,2,
76,Borromean Rings (Mathematical / Topological Archetype),Modern Theoretical / Cross-Cultural,Modern Global – Mixed/General,Modern Theoretical / Structural,"Ring A (unknotted) | Ring B (unknotted) | Ring C (unknotted, no two directly linked)","I≈Ring A (unknotted); R≈Ring B (unknotted); Sem≈Ring C (unknotted, no two directly linked)",Branching,Brunnian link: removing any one frees other two. Universal link complement. Topological proof of irreducible three-ness.,19,5,Parent II — Structural / Constraint-Dynamical,,5,
77,Aristotle's Rhetorical Triad (Ethos–Pathos–Logos),Modern Theoretical / Cross-Cultural,Modern Global – Mixed/General,Modern Theoretical / Structural,"Ethos — character, credibility, authority | Pathos — emotion, affect, audience feeling | Logos — logic, argument, evidence","I≈Ethos — character, credibility, authority; R≈Pathos — emotion, affect, audience feeling; Sem≈Logos — logic, argument, evidence",Branching,Implicit - persuasion requires all three; each alone is insufficient,19,2,Parent II — Structural / Constraint-Dynamical,,2,
78,Greimas' Actantial Narrative Triad,Modern Theoretical / Cross-Cultural,Modern Global – Mixed/General,Modern Theoretical / Structural,Sender (source of mandate/value) | Object (what is sought/exchanged) | Receiver (destination of value/narrative closure),I≈Sender (source of mandate/value); R≈Object (what is sought/exchanged); Sem≈Receiver (destination of value/narrative closure),Gradient,Implicit - narrative requires all three actantial axes; full model has 6 actants in 3 pairs,19,2,Parent II — Structural / Constraint-Dynamical,,2,
79,Project Management Triangle (Scope–Time–Cost),Modern Theoretical / Cross-Cultural,Modern Global – Mixed/General,Modern Theoretical / Structural,"Scope (quality, features, completeness) | Time (schedule, speed, deadline) | Cost (budget, resources, labor)","I≈Scope (quality, features, completeness); R≈Time (schedule, speed, deadline); Sem≈Cost (budget, resources, labor)",Gradient,constraint triad: optimizing any two degrades the third. 'Pick two.',19,2,Parent II — Structural / Constraint-Dynamical,,2,
80,Vitruvian Triad (Firmitas–Utilitas–Venustas),Modern Theoretical / Cross-Cultural,Modern Global – Mixed/General,Modern Theoretical / Structural,"Firmitas — structural soundness, durability | Utilitas — function, usefulness, fitness for purpose | Venustas — beauty, delight, aesthetic pleasure","I≈Firmitas — structural soundness, durability; R≈Utilitas — function, usefulness, fitness for purpose; Sem≈Venustas — beauty, delight, aesthetic pleasure",Branching,Implicit - good architecture requires all three in balance,19,2,Parent II — Structural / Constraint-Dynamical,,2,
81,Musical Triad (Melody–Harmony–Rhythm),Modern Theoretical / Cross-Cultural,Modern Global – Mixed/General,Modern Theoretical / Structural,"Melody — sequential pitch movement, horizontal structure, thematic line | Harmony — simultaneous pitch relations, vertical structure, tonal tension/resolution | Rhythm — temporal organization, duration, meter, pulse, closure in time","I≈Melody — sequential pitch movement, horizontal structure, thematic line; R≈Harmony — simultaneous pitch relations, vertical structure, tonal tension/resolution; Sem≈Rhythm — temporal organization, duration, meter, pulse, closure in time",Torsional,music exists only as the irreducible product of all three. Tonal music: I-V-I (tonic-dominant-tonic) is the fundamental harmonic triad. Schenker: Ursatz = fundamental triadic structure underlying all tonal music.,20,2,Parent III — Relational / Emergent-Integrative,,2,
82,Three Poisons / Mūla Kleśa (Triviṣa),Modern Theoretical / Cross-Cultural,Modern Global – Mixed/General,Modern Theoretical / Structural,"Moha (मोह, Ignorance / Delusion) — fundamental misapprehension of reality; root obscuration from which the other two arise. Not merely absence of knowledge but active distortion: the mistaking of impermanent for permanent, suffering for happiness, non-self for self. | Rāga (राग, Greed / Craving / Attachment) — the grasping movement of mind toward objects, clinging to pleasant sensation, driven by moha's misperception. Generates thirst (taṇhā) that perpetuates the cycle of becoming. | Dveṣa (द्वेष, Hatred / Aversion / Ill-will) — the pushing-away movement of mind from objects, arising from moha's misperception of threat. Includes anger, resentment, fear — all forms of reactive rejection.","I≈Moha (मोह, Ignorance / Delusion) — fundamental misapprehension of reality; root obscuration from which the other two arise. Not merely absence of knowledge but active distortion: the mistaking of impermanent for permanent, suffering for happiness, non-self for self.; R≈Rāga (राग, Greed / Craving / Attachment) — the grasping movement of mind toward objects, clinging to pleasant sensation, driven by moha's misperception. Generates thirst (taṇhā) that perpetuates the cycle of becoming.; Sem≈Dveṣa (द्वेष, Hatred / Aversion / Ill-will) — the pushing-away movement of mind from objects, arising from moha's misperception of threat. Includes anger, resentment, fear — all forms of reactive rejection.",Gradient,"cyclically generative: ignorance (moha) gives rise to both craving and aversion, which in turn deepen ignorance. Together they constitute the axle of the Bhavacakra (Wheel of Becoming). Inverse mapping to Triśikṣā (#55): prajñā antidotes moha, śīla antidotes rāga, samādhi antidotes dveṣa. Also maps inversely to Triratna (#46).",19,2,Parent I — Ontological / Field-Foundational,,2,
83,Three-Act Structure (Protasis–Epitasis–Catastrophe),Modern Theoretical / Cross-Cultural,Modern Global – Mixed/General,Modern Theoretical / Structural,"Act I — Setup / Protasis — establishment of world, character, stakes, and dramatic question. The structural ground from which the narrative can depart. Includes the ""inciting incident"" that destabilizes equilibrium. | Act II — Confrontation / Epitasis — escalation, complication, reversal (peripeteia). The drive of the narrative: obstacles multiply, stakes intensify, the protagonist is tested. Longest act, containing the midpoint turn. | Act III — Resolution / Catastrophe — climax, recognition (anagnorisis), and denouement. Registration of the narrative's consequences: the dramatic question receives its answer, new equilibrium is established or denied.","I≈Act I — Setup / Protasis — establishment of world, character, stakes, and dramatic question. The structural ground from which the narrative can depart. Includes the ""inciting incident"" that destabilizes equilibrium.; R≈Act II — Confrontation / Epitasis — escalation, complication, reversal (peripeteia). The drive of the narrative: obstacles multiply, stakes intensify, the protagonist is tested. Longest act, containing the midpoint turn.; Sem≈Act III — Resolution / Catastrophe — climax, recognition (anagnorisis), and denouement. Registration of the narrative's consequences: the dramatic question receives its answer, new equilibrium is established or denied.",Gradient,each act is structurally dependent on the others. Act II cannot generate tension without Act I's establishment; Act III cannot resolve what Act II has not complicated. The whole is the narrative arc itself - a temporal product rule where meaning emerges only from the completed sequence.,20,2,Parent III — Relational / Emergent-Integrative,,2,
84,Trichromatic Color Vision (Young–Helmholtz / Additive & Subtractive Primaries),Modern Theoretical / Cross-Cultural,Modern Global – Mixed/General,Modern Theoretical / Structural,"Long-wavelength cone / Red (L-cone, ~564nm peak) — in additive model: Red. In subtractive (printing): Cyan. The structural anchor of trichromatic space; provides the warm/cool axis foundation. | Medium-wavelength cone / Green (M-cone, ~534nm peak) — in additive: Green. In subtractive: Magenta. The luminance-dominant channel; carries the highest spatial resolution in human vision. | Short-wavelength cone / Blue (S-cone, ~420nm peak) — in additive: Blue. In subtractive: Yellow. The least numerous cone type (~5–10% of cones); provides the blue-yellow axis closure of the color space.","I≈Long-wavelength cone / Red (L-cone, ~564nm peak) — in additive model: Red. In subtractive (printing): Cyan. The structural anchor of trichromatic space; provides the warm/cool axis foundation.; R≈Medium-wavelength cone / Green (M-cone, ~534nm peak) — in additive: Green. In subtractive: Magenta. The luminance-dominant channel; carries the highest spatial resolution in human vision.; Sem≈Short-wavelength cone / Blue (S-cone, ~420nm peak) — in additive: Blue. In subtractive: Yellow. The least numerous cone type (~5–10% of cones); provides the blue-yellow axis closure of the color space.",Gradient,any visible color is the irreducible product of exactly three cone responses. No two cones are sufficient to span the full gamut; all three are jointly necessary and sufficient. The color solid (CIE chromaticity diagram) is a 3D manifold generated by the three cone fundamentals. This is a biological proof of irreducible triadicity in perception.,20,2,Parent II — Structural / Constraint-Dynamical,,2,
85,Separation of Powers / Three Branches of Government (Trias Politica),Modern Theoretical / Cross-Cultural,Modern Global – Mixed/General,Modern Theoretical / Structural,"Legislative Power (puissance législative) — the structural ground: creates law, defines the normative field, establishes the rules within which the other two powers operate. Parliament/Congress. | Executive Power (puissance exécutrice) — the drive: enforces law, acts in the world, wages war, conducts diplomacy. The active principle that translates legislation into reality. President/Prime Minister. | Judicial Power (puissance de juger) — registration and closure: interprets law, adjudicates disputes, determines whether executive action and legislative enactment conform to constitutional constraints. The courts.","I≈Legislative Power (puissance législative) — the structural ground: creates law, defines the normative field, establishes the rules within which the other two powers operate. Parliament/Congress.; R≈Executive Power (puissance exécutrice) — the drive: enforces law, acts in the world, wages war, conducts diplomacy. The active principle that translates legislation into reality. President/Prime Minister.; Sem≈Judicial Power (puissance de juger) — registration and closure: interprets law, adjudicates disputes, determines whether executive action and legislative enactment conform to constitutional constraints. The courts.",Branching,"constraint triad: each power checks the other two. Legislation without enforcement is dead letter; enforcement without judicial review is tyranny; adjudication without legislation has no material to interpret. The constitutional order is the emergent product of their mutual constraint. Montesquieu: ""power must check power.""",20,2,Parent II — Structural / Constraint-Dynamical,,2,
86,Three Characteristics of Existence / Ti-lakkhaṇa (Trilakṣaṇa),Modern Theoretical / Cross-Cultural,Modern Global – Mixed/General,Modern Theoretical / Structural,"Anicca (अनिच्च, Impermanence) — all conditioned phenomena are in constant flux; no fixed essence endures. The structural ground: reality is process, not substance. Applies to physical, mental, and social phenomena without exception. | Dukkha (दुक्ख, Suffering / Unsatisfactoriness) — because all things are impermanent, clinging to them produces suffering. The dynamic tension: the mismatch between the mind's craving for permanence and reality's ceaseless change generates existential dissatisfaction. | Anattā (अनत्ता, Non-self / No fixed essence) — because all things are impermanent and unsatisfactory, there is no permanent self (ātman) to be found in or behind them. Registration/closure: the insight that completes the diagnostic — the ""self"" that suffers is itself a construction.","I≈Anicca (अनिच्च, Impermanence) — all conditioned phenomena are in constant flux; no fixed essence endures. The structural ground: reality is process, not substance. Applies to physical, mental, and social phenomena without exception.; R≈Dukkha (दुक्ख, Suffering / Unsatisfactoriness) — because all things are impermanent, clinging to them produces suffering. The dynamic tension: the mismatch between the mind's craving for permanence and reality's ceaseless change generates existential dissatisfaction.; Sem≈Anattā (अनत्ता, Non-self / No fixed essence) — because all things are impermanent and unsatisfactory, there is no permanent self (ātman) to be found in or behind them. Registration/closure: the insight that completes the diagnostic — the ""self"" that suffers is itself a construction.",Gradient,logically entailed sequence: impermanence → unsatisfactoriness → non-self. Each lakkhana implies and requires the other two. Together they constitute the complete Buddhist diagnosis of the human condition (First Noble Truth). Insight into all three simultaneously = vipassanā breakthrough (sotāpatti).,19,2,Parent I — Ontological / Field-Foundational,,2,
87,Three Doors of Action / Trīṇi Karmadvārāṇi (Kāya-Vāk-Citta),Modern Theoretical / Cross-Cultural,Modern Global – Mixed/General,Modern Theoretical / Structural,"Kāya (काय, Body) — physical action; the structural medium through which intention manifests in the world. Includes gesture, posture, movement, physical conduct. In tantric practice: corresponds to Nirmāṇakāya (#47). | Vāk / Vāc (वाक्, Speech) — verbal action; the communicative medium. Includes truth/falsehood, harsh/gentle speech, gossip, chanting, mantra. The relational drive that connects inner intention to outer world. In tantric practice: corresponds to Sambhogakāya (#47). | Citta / Manas (चित्त, Mind) — mental action; intention, thought, attitude. The innermost door, where karma originates. Includes contemplation, planning, mental cultivation. In tantric practice: corresponds to Dharmakāya (#47).","I≈Kāya (काय, Body) — physical action; the structural medium through which intention manifests in the world. Includes gesture, posture, movement, physical conduct. In tantric practice: corresponds to Nirmāṇakāya (#47).; R≈Vāk / Vāc (वाक्, Speech) — verbal action; the communicative medium. Includes truth/falsehood, harsh/gentle speech, gossip, chanting, mantra. The relational drive that connects inner intention to outer world. In tantric practice: corresponds to Sambhogakāya (#47).; Sem≈Citta / Manas (चित्त, Mind) — mental action; intention, thought, attitude. The innermost door, where karma originates. Includes contemplation, planning, mental cultivation. In tantric practice: corresponds to Dharmakāya (#47).",Gradient,"all karmic action flows through one or more of these three doors. Complete ethical purification requires mastery of all three. In Vajrayāna: enlightenment = purification of all three doors simultaneously, often ritualized as Body-Speech-Mind offerings. The three doors map directly to Trikāya (#47): Nirmāṇakāya-Sambhogakāya-Dharmakāya.",19,2,Parent III — Relational / Emergent-Integrative,,2,
88,Triple Bottom Line / TBL (People–Planet–Profit),Modern Theoretical / Cross-Cultural,Modern Global – Mixed/General,Modern Theoretical / Structural,"People (Social) — human wellbeing, labor conditions, community impact, equity, health, education. The social substrate upon which economic activity depends. | Planet (Environmental) — ecological integrity, resource use, emissions, biodiversity, carrying capacity. The biophysical boundary conditions that constrain all human activity. | Profit (Economic) — financial viability, economic returns, value creation. The registration mechanism: without economic sustainability, social and environmental goals cannot be maintained over time.","I≈People (Social) — human wellbeing, labor conditions, community impact, equity, health, education. The social substrate upon which economic activity depends.; R≈Planet (Environmental) — ecological integrity, resource use, emissions, biodiversity, carrying capacity. The biophysical boundary conditions that constrain all human activity.; Sem≈Profit (Economic) — financial viability, economic returns, value creation. The registration mechanism: without economic sustainability, social and environmental goals cannot be maintained over time.",Gradient,"genuine sustainability exists only at the intersection of all three. Optimizing profit alone degrades people and planet; social investment without economic viability collapses; environmental protection without social equity is politically unsustainable. The ""sweet spot"" is the product of all three.",20,2,Parent II — Structural / Constraint-Dynamical,,2,
89,Trivium (Grammar–Logic–Rhetoric),Sub-Saharan Africa,Sub-Saharan Africa,Sub-Saharan Sacred Mediation Ontology,"Grammar (Grammatica) — the structural foundation: the rules governing correct expression, the ordering of signs, the mechanics of language. Understanding what has been said. In the medieval formulation: the art of ""inventing and combining symbols."" | Logic / Dialectic (Dialectica) — the critical drive: the art of reasoning, distinguishing truth from falsehood, valid from invalid inference. Understanding whether what has been said is true. Includes formal logic, argumentation, and critical analysis. | Rhetoric (Rhetorica) — the integrative closure: the art of persuasion, of deploying grammar and logic for effective communication. Understanding how to communicate truth compellingly. Requires and synthesizes the other two.","I≈Grammar (Grammatica) — the structural foundation: the rules governing correct expression, the ordering of signs, the mechanics of language. Understanding what has been said. In the medieval formulation: the art of ""inventing and combining symbols.""; R≈Logic / Dialectic (Dialectica) — the critical drive: the art of reasoning, distinguishing truth from falsehood, valid from invalid inference. Understanding whether what has been said is true. Includes formal logic, argumentation, and critical analysis.; Sem≈Rhetoric (Rhetorica) — the integrative closure: the art of persuasion, of deploying grammar and logic for effective communication. Understanding how to communicate truth compellingly. Requires and synthesizes the other two.",Branching,"sequential and cumulative: grammar without logic is rote; logic without rhetoric is sterile; rhetoric without grammar and logic is sophistry. The educated mind is the product of all three working in concert. The trivium was explicitly understood as a progressive synthesis: ""grammar learns, logic thinks, rhetoric expresses.""",20,2,Parent III — Relational / Emergent-Integrative,,2,
90,Three Estates of the Realm (Oratores–Bellatores–Laboratores),Unspecified,Modern Global – Mixed/General,Modern Theoretical / Structural,"Oratores (Those Who Pray) — the clergy, the First Estate. Provide spiritual legitimation, moral authority, education, and cosmic order. The sacral-structural ground of medieval society. | Bellatores (Those Who Fight) — the warrior nobility, the Second Estate. Provide military protection, political governance, and enforcement of order. The active-dynamic principle. | Laboratores (Those Who Work) — the common people, the Third Estate. Provide agricultural production, economic labor, and material sustenance. The productive ground that makes the other two possible; also the site of registration (taxation, surplus, demographic reality).","I≈Oratores (Those Who Pray) — the clergy, the First Estate. Provide spiritual legitimation, moral authority, education, and cosmic order. The sacral-structural ground of medieval society.; R≈Bellatores (Those Who Fight) — the warrior nobility, the Second Estate. Provide military protection, political governance, and enforcement of order. The active-dynamic principle.; Sem≈Laboratores (Those Who Work) — the common people, the Third Estate. Provide agricultural production, economic labor, and material sustenance. The productive ground that makes the other two possible; also the site of registration (taxation, surplus, demographic reality).",Branching,each estate's identity and function depend on the other two. The clergy legitimates the nobility's right to rule and the commoners' duty to labor; the nobility protects both clergy and commoners; the commoners feed both. Remove any one and the social order collapses. The French Revolution (1789) was precisely the Third Estate's assertion that it was the whole.,19,2,Parent II — Structural / Constraint-Dynamical,,2,
91,HVAC Control Logic (Setpoint–Flow Control–Equilibrium),Modern Theoretical / Cross-Cultural,Modern Global – Mixed/General,Modern Theoretical / Structural,"Setpoint — desired temperature/pressure/humidity target that defines the admissible error band and establishes the floor condition. | Variable Flow Control (VFD / valve / damper actuation) — coupling mechanism translating error into actuator effort through plant dynamics and constraints (gain, lag, saturation). | Thermal Equilibrium Trace — the realized stabilized state (or bounded oscillation) registered as the system’s maintained comfort/steady-state over time.",I≈Setpoint; R≈Variable Flow Control (VFD/actuation & plant coupling); Sem≈Thermal Equilibrium Trace (stabilized outcome over Δt),Torsional,"auditable channels: declared target (I), plant/actuator coupling law (R), and time-integrated stability/settling trace (Sem). Remove any one: no control objective, no effective actuation, or no stable registered outcome.",16,1,CAP Instantiation — Control Engineering,,1,
92,Structural Integrity (Beam Theory: Load–Stiffness–Deflection),Modern Theoretical / Cross-Cultural,Modern Global – Mixed/General,Modern Theoretical / Structural,Load/Stress — applied forces and boundary conditions that define what must be borne. | Elastic Modulus/Stiffness — coupling law mapping load into deformation given geometry/material. | Strain/Deflection Trace — measurable deformation profile over span/time that registers integrity or failure.,I≈Load/Stress; R≈Elastic Modulus/Stiffness (constitutive coupling); Sem≈Strain/Deflection Trace (registered deformation field),Gradient,closure is achieved when deformation remains within admissible limits under load; auditing requires all three declared. Dyads (load-deflection) silently assume stiffness; (load-stiffness) omits the registered deformation field.,16,1,CAP Instantiation — Mechanical/Structural,,1,
93,RF Propagation (Power–Impedance–SNR),Modern Theoretical / Cross-Cultural,Modern Global – Mixed/General,Modern Theoretical / Structural,"Transmitter Power — available signal energy injected into channel. | Channel/Atmospheric Impedance — coupling constraints (path loss, multipath, attenuation, matching) governing transfer. | Signal-to-Noise Ratio Trace — registered intelligibility/decodability over time and bandwidth.",I≈Transmitter Power; R≈Channel/Atmospheric Impedance; Sem≈SNR/Decodability Trace,Gradient,"communicative closure requires sufficient injected power, compatible channel coupling, and a registered SNR trace. A dyad (power-SNR) hides impedance; (power-impedance) does not guarantee decodable output.",15,1,CAP Instantiation — RF/Comms,,1,
94,Hydraulic Power (Pressure–Restriction–Work),Modern Theoretical / Cross-Cultural,Modern Global – Mixed/General,Modern Theoretical / Structural,Fluid Pressure — available energy density driving the system. | Valve Restriction/Orifice/Control — coupling that meters flow and shapes response. | Actuator Work/Displacement — registered mechanical output (force×stroke) over time.,I≈Fluid Pressure; R≈Valve Restriction/Flow Coupling; Sem≈Actuator Work/Displacement Trace,Gradient,closure is mechanical work delivered within constraints. Pressure without restriction is uncontrolled; restriction without pressure yields no output; output trace is the registration channel.,15,1,CAP Instantiation — Hydraulics,,1,
95,Cryptographic Hashing (Message–Compression–Digest),Middle East & North Africa (Abrahamic/Iranian/Islamic),Middle East & North Africa,Classical Islamic Jurisprudence,Input Message — available data substrate. | Compression/Mixing Function — coupling law (nonlinear permutation/round function) that binds input to output. | Digest/Hash Trace — fixed-length registered artifact enabling verification and audit.,I≈Input Message; R≈Compression/Mixing Function; Sem≈Digest/Hash Trace,Branching,"integrity closure depends on declared input domain, declared transform, and the produced trace. Dyadic (message-digest) hides the transform; (transform-digest) omits message substrate.",16,1,CAP Instantiation — Crypto,,1,
96,Internal Combustion Cycle (Mixture–Ignition/Compression–Torque),Modern Theoretical / Cross-Cultural,Modern Global – Mixed/General,Modern Theoretical / Structural,"Air–Fuel Mixture — available reactant floor (composition, mass flow). | Compression/Spark Timing — coupling that triggers phase transition from potential chemical energy to expansion (controls knock/efficiency). | Power Stroke/Torque Trace — registered mechanical output across cycles.",I≈Air–Fuel Mixture; R≈Compression/Spark Timing (coupling/trigger); Sem≈Torque/Power Trace,Gradient,"sustained engine output requires adequate mixture, proper ignition/compression coupling, and measurable torque output. Remove any pole: no energy substrate, no conversion trigger, or no registered work.",14,1,CAP Instantiation — Thermo/Engines,,1,
97,Battery Electrochemistry (Anode–Electrolyte–Capacity),Modern Theoretical / Cross-Cultural,Modern Global – Mixed/General,Modern Theoretical / Structural,Anode/Cathode Potential — available electrochemical gradient. | Electrolyte Conductivity/Interface — coupling channel enabling ion transport and charge transfer. | Discharge Capacity Trace — registered deliverable energy over time under load.,I≈Electrode Potential Gradient; R≈Electrolyte/Interface Coupling; Sem≈Capacity/Voltage Trace,Gradient,"usable energy storage requires a potential floor, transport coupling, and a time-registered capacity trace. Dyads hide transport or omit measurable delivery.",15,1,CAP Instantiation — Electrochemistry,,1,
98,Bread Leavening (Starch–Fermentation–Crumb),Modern Theoretical / Cross-Cultural,Modern Global – Mixed/General,Modern Theoretical / Structural,Flour/Starch Matrix — available substrate for structure and fermentation. | Yeast Metabolism/CO₂ Production — coupling that inflates matrix and drives rise under temperature/time constraints. | Crumb Structure/Loaf Form — registered macro-structure after bake (closure).,I≈Flour/Starch Matrix; R≈Yeast Fermentation (coupling kinetics); Sem≈Crumb/Loaf Structure Trace,Gradient,a loaf is the closure artifact: substrate + coupling kinetics + registered structure. Dyads miss either substrate quality or the registered structural outcome.,13,1,CAP Instantiation — Food/Chemistry,,1,
99,Coffee Extraction (Grounds–Water Dynamics–TDS/Flavor),Modern Theoretical / Cross-Cultural,Modern Global – Mixed/General,Modern Theoretical / Structural,Dry Grounds — available solute substrate and geometry (grind size). | Water Temp/Pressure/Contact Time — coupling dynamics governing dissolution and flow. | TDS/Flavor Trace — registered extraction outcome (measurable TDS + sensory coherence).,I≈Grounds/Substrate; R≈Water Dynamics (temp/pressure/time); Sem≈TDS/Flavor Trace,Gradient,"extraction closure requires substrate, coupling dynamics, and registered trace. Dyads (grounds-flavor) hide process; (process-flavor) omits substrate.",13,1,CAP Instantiation — Food/Chemistry,,1,
100,Emulsification (Oil–Emulsifier/Agitation–Stable Suspension),Modern Theoretical / Cross-Cultural,Modern Global – Mixed/General,Modern Theoretical / Structural,Oil Phase — available dispersed phase. | Emulsifier/Agitation — coupling that reduces interfacial tension and stabilizes droplets. | Stable Suspension/Sauce Trace — registered persistence of mixture over Δt (no phase separation).,I≈Oil Phase; R≈Emulsifier/Agitation (coupling); Sem≈Stable Suspension Trace,Gradient,stability over time is the closure criterion. Oil+water without coupling fails; coupling without phases is undefined; the trace is the persistence record.,14,1,CAP Instantiation — Food/Chemistry,,1,
101,Enzymatic Digestion (Chyme–Secretions–Absorption),Modern Theoretical / Cross-Cultural,Modern Global – Philosophical/Meta,Contemporary Analytic / Structural Theory,Chyme/Nutrient Load — available substrate. | Bile/Enzyme Secretion — coupling that breaks down and solubilizes molecules. | Nutrient Absorption Trace — registered uptake across gut wall over time.,I≈Chyme/Nutrient Load; R≈Enzyme/Bile Coupling; Sem≈Absorption Trace,Gradient,"digestion closure requires substrate, catalytic coupling, and measurable uptake. Dyads omit the biochemical coupling or the registered uptake trace.",13,1,CAP Instantiation — Biology,,1,
102,Policy Iron Triangle (Committees–Interest Groups–Agencies),Modern Theoretical / Cross-Cultural,Modern Global – Philosophical/Meta,Contemporary Analytic / Structural Theory,"Congressional Committees — floor of agenda-setting and rule-making capacity. | Interest Groups — coupling channel supplying pressure, resources, and alignment constraints. | Government Agencies — semantic closure via implementation, enforcement, and durable administrative trace.",I≈Committees (agenda/floor); R≈Interest Groups (coupling/pressure); Sem≈Agencies (implementation/trace),Branching,"policy closure requires a floor of authority, coupling via incentives/pressure, and durable administrative enactment. Dyadic accounts of politics typically hide the third actor (implementation).",14,1,CAP Instantiation — Governance,,1,
103,Maritime Dead Reckoning (Position–Velocity–Fix),Modern Theoretical / Cross-Cultural,Modern Global – Philosophical/Meta,Contemporary Analytic / Structural Theory,Previous Fix/Position — floor state. | Speed/Heading (Velocity Model) — coupling update rule under drift/error. | New Fixed Point/Logged Track — registered trace (logbook/GPS fix) defining observed continuation.,I≈Prior Position; R≈Velocity/Heading Model; Sem≈New Fix/Track Trace,Gradient,"navigation closure requires a starting state, an update coupling, and a registered new state. Dyads (position-fix) hide velocity; (position-velocity) omits the registered fix.",15,1,CAP Instantiation — Navigation,,1,
104,Contract Enforceability (Offer–Consideration–Acceptance),Modern Theoretical / Cross-Cultural,Modern Global – Philosophical/Meta,Contemporary Analytic / Structural Theory,Offer — floor proposal defining the possible contract. | Consideration — coupling exchange that binds parties (value transfer). | Acceptance/Legal Binding — semantic closure via assent + enforceable trace in law.,I≈Offer; R≈Consideration (binding coupling); Sem≈Acceptance/Enforceable Trace,Branching,"legal closure requires a proposed structure, binding exchange, and an enforceable acceptance trace. Dyads omit consideration or the binding trace.",15,1,CAP Instantiation — Law,,1,
105,Insurance Underwriting (Exposure–Pooling–Coverage),Modern Theoretical / Cross-Cultural,Modern Global – Philosophical/Meta,Contemporary Analytic / Structural Theory,Risk Exposure — floor hazard profile. | Premium/Pooling Mechanism — coupling that aggregates risk and prices uncertainty. | Indemnity/Coverage Trace — registered promise/claim process enabling persistence after loss.,I≈Exposure; R≈Pooling/Pricing; Sem≈Coverage/Claims Trace,Branching,closure is insurability: without exposure no pricing; without pooling no coupling; without coverage trace no enforceable persistence.,14,1,CAP Instantiation — Finance/Risk,,1,
106,Diplomatic Protocol (Sovereign–Immunity–Treaty),Modern Theoretical / Cross-Cultural,Modern Global – Philosophical/Meta,Contemporary Analytic / Structural Theory,Sovereign State — floor actor with authority. | Envoy/Immunity — coupling channel enabling interaction without immediate coercive collapse. | Treaty/Accord — semantic closure as durable recorded commitment.,I≈Sovereign State; R≈Envoy/Immunity (coupling); Sem≈Treaty/Accord Trace,Branching,"diplomacy requires actors, coupling protections, and recorded binding outcomes. Dyads miss immunity/standing or omit durable accord trace.",13,1,CAP Instantiation — International Relations,,1,
107,Intellectual Property (Creation–Filing–Protected Asset),Modern Theoretical / Cross-Cultural,Modern Global – Philosophical/Meta,Contemporary Analytic / Structural Theory,"Original Creation — floor novelty. | Filing/Registration Process — coupling to legal system (standards, examination). | Protected Asset — semantic closure: enforceable rights and traceable ownership.",I≈Creation; R≈Filing/Legal Coupling; Sem≈Protected Right/Ownership Trace,Branching,"IP closure requires a work, a coupling into statute, and a registered right. Dyads omit the legal coupling or the trace.",14,1,CAP Instantiation — Law/Innovation,,1,
108,3D Rendering Pipeline (Mesh–Shader–Frame),Modern Theoretical / Cross-Cultural,Modern Global – Philosophical/Meta,Contemporary Analytic / Structural Theory,Mesh/Geometry — floor scene structure. | Shader/Lighting Model — coupling mapping geometry to radiance under constraints. | Rendered Frame/Pixel Buffer — semantic trace (the output artifact) that can be inspected and persisted.,I≈Mesh/Geometry; R≈Shader/Lighting Coupling; Sem≈Rendered Frame Trace,Gradient,"rendering closure requires geometry, transformation/coupling, and an output trace. Dyads hide shaders or omit the output artifact.",15,1,CAP Instantiation — Graphics/Compute,,1,
109,Musical Counterpoint (Cantus–Rules–Polyphony),Modern Theoretical / Cross-Cultural,Modern Global – Philosophical/Meta,Contemporary Analytic / Structural Theory,Cantus Firmus — floor melodic line. | Intervallic/Voice-Leading Rules — coupling constraints governing allowable relations. | Polyphonic Coherence — semantic closure: the realized consonant texture across time (auditable as score/performance).,I≈Cantus Firmus; R≈Counterpoint Rules (coupling); Sem≈Polyphonic Coherence Trace,Torsional,"sustained musical closure requires a base line, relational constraints, and a coherent realized texture trace. Dyads omit the rule system or the realized coherence.",13,1,CAP Instantiation — Music,,1,
110,Typography (Glyphs–Spacing Rules–Legibility),Modern Theoretical / Cross-Cultural,Modern Global – Philosophical/Meta,Contemporary Analytic / Structural Theory,"Typeface/Glyph Inventory — floor forms. | Kerning/Leading/Layout Rules — coupling constraints shaping relations in space. | Legibility/Reading Flow — semantic trace registered by human or metrics (OCR accuracy, reading speed).",I≈Glyph Set; R≈Spacing/Layout Coupling; Sem≈Legibility Trace,Gradient,"typography closure requires forms, relational spacing, and a legibility trace. Dyads hide spacing rules or omit evaluative trace.",13,1,CAP Instantiation — Design/HCI,,1,
111,Color Printing (Subtractive CMY + Screening + Perceived Image),Indigenous North America,Indigenous North America,Indigenous North American Cosmology,CMY Inks — floor material basis for color. | Halftone Screening/Registration — coupling mechanism converting continuous tone to printable pattern under device constraints. | Perceived Image — semantic trace as human-perceived output (or colorimetric measurement).,I≈CMY Inks; R≈Screening/Registration Coupling; Sem≈Perceived Image Trace,Gradient,"print closure requires inks, coupling via screening/registration, and a perceived/measured image trace. Dyads omit screening or the perceptual trace.",14,1,CAP Instantiation — Print/Imaging,,1,
112,Niche Construction (Environment–Behavior–Modified Habitat),Modern Theoretical / Cross-Cultural,Modern Global – Philosophical/Meta,Contemporary Analytic / Structural Theory,Environment — floor constraints and resources. | Organism Behavior — coupling action changing flows and exposures. | Modified Habitat — semantic trace: altered niche that persists and conditions future dynamics.,I≈Environment; R≈Behavior/Coupling; Sem≈Modified Habitat Trace,Gradient,niche closure is the persistent habitat modification. Dyads (environment-habitat) hide behavior; (environment-behavior) omits the trace.,14,1,CAP Instantiation — Ecology,,1,
113,Immune Response (Antigen–Coupling–Memory),Middle East & North Africa (Abrahamic/Iranian/Islamic),Middle East & North Africa,Classical Islamic Jurisprudence,"Pathogen/Antigen — floor trigger. | B-/T-cell Recognition & Coupling — relational binding, signaling, and activation constraints. | Antibody/Memory Trace — semantic closure as durable immunological record enabling faster future response.",I≈Antigen; R≈Immune Coupling (recognition/signaling); Sem≈Memory/Antibody Trace,Gradient,"immune closure requires a trigger, coupling, and a registered memory trace. Dyads omit memory or the recognition coupling.",15,1,CAP Instantiation — Immunology,,1,
114,Circadian Rhythm (Light–SCN Regulation–Sleep/Wake),Modern Theoretical / Cross-Cultural,Modern Global – Philosophical/Meta,Contemporary Analytic / Structural Theory,Light Level/Photoperiod — floor external signal. | SCN / hormonal regulation — coupling oscillator and phase-lock mechanisms. | Sleep–Wake Cycle Trace — semantic closure as persistent rhythm pattern over days.,I≈Light Input; R≈SCN Coupling/Oscillator; Sem≈Rhythm Trace,Torsional,"circadian coherence requires input, coupling oscillator, and the trace of realized cycle. Dyads hide SCN coupling or omit trace.",14,1,CAP Instantiation — Physiology,,1,
115,Forest Succession (Bare Substrate–Competition–Climax Community),Modern Theoretical / Cross-Cultural,Modern Global – Philosophical/Meta,Contemporary Analytic / Structural Theory,Bare Soil/Substrate — floor conditions. | Pioneer Species / competition dynamics — coupling interactions and resource constraints. | Climax Community — semantic trace: stable ecosystem structure over time.,I≈Substrate; R≈Competition/Coupling; Sem≈Climax Community Trace,Gradient,succession closure is the stabilized community pattern. Dyads omit competition coupling or the registered end-state.,13,1,CAP Instantiation — Ecology,,1,
116,Synaptic Transmission (Presynaptic–Binding–Postsynaptic),Modern Theoretical / Cross-Cultural,Modern Global – Philosophical/Meta,Contemporary Analytic / Structural Theory,Pre-synaptic Potential/vesicle release — floor signal availability. | Cleft/Receptor Binding — coupling filter translating neurotransmitter release into receptor activation. | Post-synaptic Excitation Trace — semantic registration in membrane potential / spike output.,I≈Pre-synaptic Signal; R≈Binding/Coupling; Sem≈Post-synaptic Trace,Gradient,"neural closure requires signal, coupling, and registered post-synaptic change. Dyads hide binding kinetics or omit trace.",15,1,CAP Instantiation — Neuroscience,,1,
117,Prompt Engineering (Weights–Prompt Constraints–Output),Modern Theoretical / Cross-Cultural,Modern Global – Philosophical/Meta,Contemporary Analytic / Structural Theory,"Base Model Weights — floor capability landscape (latent availability). | Prompt/System Constraints — coupling that selects/locks trajectories through latent space (instruction, context, tool constraints). | Generated Output — semantic trace (token sequence) that persists and can be audited.",I≈Model Weights (availability); R≈Prompt/System Constraints (coupling); Sem≈Generated Output Trace,Gradient,closure is coherent output under instruction and safety constraints; dyadic reductions (weights-output) hide prompt coupling; (prompt-output) presumes underlying capability floor.,16,1,CAP Instantiation — AI/LLMs,,1,
118,Blockchain Consensus (PoS: Stake–Protocol–Finality),Modern Theoretical / Cross-Cultural,Modern Global – Philosophical/Meta,Contemporary Analytic / Structural Theory,Stake/Validator Set — floor of economic weight/authority. | Gossip/Slashing/Consensus Protocol — coupling rules enforcing alignment under adversarial conditions. | Block Finality — semantic trace: committed ledger state that persists across nodes.,I≈Stake/Validators; R≈Consensus Protocol; Sem≈Finalized Ledger Trace,Gradient,closure is finalized state; dyadic models hide protocol enforcement or omit the persisted ledger trace.,15,1,CAP Instantiation — Distributed Systems,,1,
119,Vector Databases (Embedding–Similarity–Retrieval),Sub-Saharan Africa,Sub-Saharan Africa,Sub-Saharan Sacred Mediation Ontology,Raw Embedding — floor representation of items/queries. | Similarity Metric/Index — coupling that defines adjacency and allowable retrieval under constraints. | Retrieved Context — semantic trace: selected neighbors / context window that persists in a session and conditions downstream outputs.,I≈Embedding Floor; R≈Similarity/Index Coupling; Sem≈Retrieved Context Trace,Gradient,closure is actionable retrieval. Dyads (embedding-result) hide the metric/index; (metric-result) omits representation floor.,14,1,CAP Instantiation — IR/Databases,,1,
120,Zero-Knowledge Proofs (Witness–Interaction–Verified Proof),Modern Theoretical / Cross-Cultural,Modern Global – Philosophical/Meta,Contemporary Analytic / Structural Theory,Witness — floor private assignment. | Prover–Verifier Protocol — coupling interaction enforcing soundness/zero-knowledge constraints. | Verified Proof Artifact — semantic trace (accept/reject + transcript commitments).,I≈Witness; R≈Protocol Coupling; Sem≈Verified Proof Trace,Branching,"ZKP closure requires witness, interaction rules, and a verifiable trace. Dyads hide protocol or omit the proof artifact.",16,1,CAP Instantiation — Cryptography,,1,
121,Vedic Yajna (Oblation–Agni–Ṛta),Modern Theoretical / Cross-Cultural,Modern Global – Philosophical/Meta,Contemporary Analytic / Structural Theory,Offering/Oblation — floor material/symbolic input. | Fire/Agni — coupling transformer/mediator. | Ṛta (Order) — semantic closure as harmonized outcome and retained ritual trace in community/cosmos.,I≈Offering; R≈Agni (mediating coupling); Sem≈Ṛta/Order Trace,Branching,"ritual closure requires an offered substrate, a mediating process, and a registered order/trace. (Traditional instantiation; sources needed for formal claim.)",12,1,CAP Candidate — Tradition/ritual,,1,
122,Mayan Calendrics (Count–Interlock–Date/Event Trace),Mesoamerica (Maya/Aztec/Olmec/Zapotec),Mesoamerica,Mesoamerican Cosmology,Long Count — floor indexing of time. | Tzolk'in/Haab' interlock — coupling mechanism producing composite cycles. | Date/Event Trace — semantic closure: named day/omen record enabling coordination and memory.,I≈Long Count; R≈Cycle Interlock; Sem≈Date/Event Trace,Torsional,"calendric closure requires a base count, coupling cycles, and a registered date trace. Dyads omit interlock or omit the trace.",12,1,CAP Candidate — Calendrics,,1,
123,Celtic Knotwork (Strand–Rule–Loop Pattern),Modern Theoretical / Cross-Cultural,Modern Global – Philosophical/Meta,Contemporary Analytic / Structural Theory,Strand/Path — floor element. | Over–Under Constraint Rule — coupling constraints governing crossings. | Closed Knot Pattern — semantic trace: finished loop artifact with persistence.,I≈Strand; R≈Over/Under Rule (coupling); Sem≈Closed Pattern Trace,Gradient,"closure requires strand, constraints, and finished loop. Dyads omit rules or omit closed artifact.",13,1,CAP Instantiation — Geometry/Craft,,1,
124,Navajo Weaving (Warp–Weft–Pattern Trace),Indigenous North America,Indigenous North America,Indigenous North American Cosmology,Warp — floor longitudinal threads. | Weft — coupling transverse insertion and tension control. | Pattern/Finished Textile — semantic trace: persistent design artifact.,I≈Warp; R≈Weft/Tension Coupling; Sem≈Pattern Trace,Gradient,"textile closure requires warp, coupling via weft/tension, and finished pattern trace. Dyads omit coupling or omit artifact.",12,1,CAP Instantiation — Craft,,1,
125,Magic Circle (Play Space–Rules–Ludic Reality),Modern Theoretical / Cross-Cultural,Modern Global – Philosophical/Meta,Contemporary Analytic / Structural Theory,"Physical/Virtual Play Space — floor boundary. | Game Rules — coupling constraints enabling meaningful interaction. | Ludic Reality — semantic trace: emergent game state experienced and recorded (scores, narratives).",I≈Play Space; R≈Rules Coupling; Sem≈Game State/Experience Trace,Branching,"gameplay closure requires a bounded space, rules, and a game-state trace. Dyads omit the boundary or omit the state trace.",13,1,CAP Instantiation — Game Studies,,1,
126,RPG Mechanics (Stats–Randomizer–Outcome),Modern Theoretical / Cross-Cultural,Modern Global – Philosophical/Meta,Contemporary Analytic / Structural Theory,Character Stats — floor capabilities. | Dice/Randomizer + resolution rules — coupling that mediates uncertainty. | Narrative/Mechanical Outcome — semantic trace: state update in story/system.,I≈Stats; R≈Resolution Coupling; Sem≈Outcome Trace,Branching,"closure requires declared stats, coupling via rules/randomness, and an updated state trace.",13,1,CAP Instantiation — Game Design,,1,
127,FPS Design (Movement–Collision–Flow State),Modern Theoretical / Cross-Cultural,Modern Global – Philosophical/Meta,Contemporary Semiotics,Player Movement Model — floor action space. | Map Collision/Constraints — coupling limiting and shaping trajectories. | Flow State / Skillful Play Trace — semantic closure: stable engagement pattern measurable via performance/retention metrics.,I≈Movement Model; R≈Collision/Constraints; Sem≈Flow/Performance Trace,Gradient,"sustained play coherence requires action floor, constraint coupling, and a registered engagement/performance trace.",12,1,CAP Candidate — HCI/metrics,,1,
128,Traffic Management (Flow–Signals/Constraints–Throughput Trace),Modern Theoretical / Cross-Cultural,Modern Global – Scientific/Technical,Contemporary Information Theory,Vehicle Flow Demand — floor load. | Signal Timing/Lane Constraints — coupling rules shaping interactions. | Throughput/Congestion Trace — semantic registration of network performance over time.,I≈Demand/Flow; R≈Signal/Lane Coupling; Sem≈Throughput/Congestion Trace,Gradient,closure is managed throughput; dyads hide signal coupling or omit performance trace.,14,1,CAP Instantiation — Urban Systems,,1,
129,Supply Chain (Materials–Logistics–Availability),Modern Theoretical / Cross-Cultural,Modern Global – Philosophical/Meta,Contemporary Analytic / Structural Theory,Raw Materials/Inventory — floor supply. | Logistics/Freight/Coordination — coupling network moving goods under constraints. | On-shelf Availability — semantic trace: deliverable presence at point of use (registered as fill rate).,I≈Materials; R≈Logistics Coupling; Sem≈Availability Trace,Branching,"persistence of supply requires floor inventory, coupling logistics, and measurable availability trace.",14,1,CAP Instantiation — Operations,,1,
130,Electric Grid Stability (Generation–Regulation–Delivered Power),Modern Theoretical / Cross-Cultural,Modern Global – Philosophical/Meta,Contemporary Analytic / Structural Theory,Generation Capacity — floor supply. | Frequency Regulation/Control — coupling that maintains phase alignment and prevents cascade. | Sustained Power Delivery Trace — semantic closure: stable voltage/frequency delivered over time.,I≈Generation; R≈Regulation Coupling; Sem≈Delivery Trace,Torsional,"grid closure requires supply, regulation coupling, and delivered stability trace. Dyads omit regulation or omit trace.",16,1,CAP Instantiation — Power Systems,,1,
131,Central Dogma (DNA–RNA–Protein),Modern Theoretical / Cross-Cultural,Modern Global – Philosophical/Meta,Contemporary Analytic / Structural Theory,DNA — floor instruction substrate. | RNA — coupling/transcriptional bridge enabling selective expression. | Protein — semantic closure as functional phenotype + persistent cellular trace (activity/structure).,I≈DNA; R≈RNA coupling; Sem≈Protein functional trace,Gradient,"expression requires an available code floor, a coupling translation channel, and a functional/traceable product. Dyads either lack translation or lack stable function/trace.",15,4,CAP Instantiation — Molecular Biology,,4,
132,CAP Theorem (Consistency–Availability–Partition Tolerance),Modern Theoretical / Cross-Cultural,Modern Global – Philosophical/Meta,Contemporary Analytic / Structural Theory,Availability — floor responsiveness. | Partition Tolerance — coupling under network fracture. | Consistency — semantic integrity/trace agreement across replicas.,I≈Availability; R≈Partition-Tolerance coupling; Sem≈Consistency/trace integrity,Branching,"steady operation under faults requires (i) respond, (ii) maintain coupling under partitions, and (iii) preserve semantic agreement. Tradeoff proves you can’t satisfy all at once under partition; triad is the closure surface.",16,4,CAP Instantiation — Distributed Systems,,4,
133,Observability Triad (Metrics–Traces–Logs),Modern Theoretical / Cross-Cultural,Modern Global – Philosophical/Meta,Contemporary Analytic / Structural Theory,Metrics — floor signals (aggregate state). | Traces — coupling lineage across components (request path). | Logs — semantic detail/audit trail enabling reconstruction.,I≈Metrics floor; R≈Traces lineage coupling; Sem≈Logs semantic audit,Branching,"audit-complete diagnosis requires a floor (metrics), relational lineage (traces), and semantic records (logs). Any dyad can be shown to hide the third as an undeclared channel under CAP.",15,4,CAP Instantiation — Systems Engineering,,4,
134,PID Control (Proportional–Integral–Derivative),Modern Theoretical / Cross-Cultural,Modern Global – Scientific/Technical,Contemporary Systems & Cybernetics,Proportional — floor response to present error. | Integral — coupling to accumulated past error (memory). | Derivative — semantic coherence of trend (future-facing damping).,I≈P term (present floor); R≈I term (history coupling); Sem≈D term (trajectory coherence),Gradient,"stable closed-loop control under noise typically requires present floor response, historical coupling, and trajectory coherence (damping). Dyadic controllers that ‘work’ embed the missing term as an equivalent hidden state/constraint.",15,4,CAP Instantiation — Control Theory,,4,
135,Thermodynamic Triple Point (Temperature–Pressure–Volume),Modern Theoretical / Cross-Cultural,Modern Global – Philosophical/Meta,Contemporary Analytic / Structural Theory,Volume — floor capacity/state space. | Pressure — coupling force/constraint. | Temperature — semantic measure of kinetic coherence (state).,I≈Volume floor; R≈Pressure coupling; Sem≈Temperature coherence,Gradient,phase coexistence closure requires three independent state variables; holding any two fixes the third in equilibrium for given substance. Dyads reduce by treating one as implicit boundary condition.,13,3,CAP Candidate — Thermodynamics,,3,
136,Finance Trilemma (Fixed FX–Free Capital–Independent Monetary Policy),Modern Theoretical / Cross-Cultural,Modern Global – Philosophical/Meta,Contemporary Analytic / Structural Theory,Free Capital Flow — floor resource mobility. | Exchange-Rate Regime — coupling to external price/market reference. | Monetary Policy Independence — semantic coherence of domestic governance control.,I≈Capital mobility floor; R≈FX coupling; Sem≈Policy coherence,Branching,macro closure under globalization requires choosing which constraint to sacrifice; the trilemma is a governance refusal surface.,14,3,CAP Instantiation — Macro Finance,,3,
137,Strategic Triangle (Customer–Competitor–Company),Modern Theoretical / Cross-Cultural,Modern Global – Philosophical/Meta,Contemporary Analytic / Structural Theory,Company — floor capabilities/resources. | Customer — coupling demand/fit. | Competitor — semantic context defining differentiation and viable positioning.,I≈Company floor; R≈Customer coupling; Sem≈Competitor-context coherence,Branching,"strategy closure requires capabilities, demand coupling, and contextual differentiation; dyads that ignore competitor-context suffer semantic drift (mispricing/mispositioning).",13,3,CAP Instantiation — Strategy,,3,
138,Triple Helix of Innovation (University–Industry–Government),Modern Theoretical / Cross-Cultural,Modern Global – Philosophical/Meta,Contemporary Analytic / Structural Theory,"University — floor knowledge production. | Industry — coupling to production/market deployment. | Government — semantic framework: policy, regulation, and legitimacy trace.",I≈University knowledge floor; R≈Industry coupling; Sem≈Government framework/trace,Branching,"durable innovation ecosystems require knowledge floor, coupling to production, and a governing semantic frame (rules/legitimacy).",13,3,CAP Instantiation — Innovation Systems,,3,
139,Triple Bottom Line (People–Planet–Profit),Modern Theoretical / Cross-Cultural,Modern Global – Philosophical/Meta,Contemporary Analytic / Structural Theory,Planet — floor ecological viability. | People — coupling social legitimacy/labor relations. | Profit — semantic closure as accounting trace enabling continuation.,I≈Planet floor; R≈People coupling; Sem≈Profit/accounting trace,Gradient,"sustainability closure requires ecological floor, social coupling, and financial trace coherence; dyads externalize one as hidden cost.",12,4,CAP Instantiation — Sustainability,,4,
140,Factors of Production (Land–Labor–Capital),Sub-Saharan Africa,Sub-Saharan Africa,Sub-Saharan Sacred Mediation Ontology,Land — floor resources. | Labor — coupling human transformation effort. | Capital — semantic stabilization of productive capacity (stored structure).,I≈Land floor; R≈Labor coupling; Sem≈Capital stabilized coherence,Gradient,"production closure requires resources, coupling effort, and stabilized means; dyads hide one as assumed background.",12,3,CAP Candidate — Economics,,3,
141,Navigational Basis (Latitude–Longitude–Altitude),Europe (Slavic/Baltic),Europe,Slavic Tripartite Cosmology,Altitude — floor/headroom axis. | Latitude — coupling to meridional reference. | Longitude — semantic coherence tied to time/prime meridian for global registration.,I≈Altitude floor; R≈Latitude coupling; Sem≈Longitude/time coherence trace,Gradient,unambiguous position closure in 3D requires three coordinates; dyads require an implicit third (assumed altitude or assumed reference).,12,4,CAP Instantiation — Navigation/Geodesy,,4,
142,Structural Triad in Geology (Strike–Dip–Plunge),Modern Theoretical / Cross-Cultural,Modern Global – Philosophical/Meta,Contemporary Analytic / Structural Theory,Strike — floor orientation line. | Dip — coupling angle into depth. | Plunge — semantic axis orientation in 3D for full structural trace.,I≈Strike floor; R≈Dip coupling; Sem≈Plunge coherence/trace,Gradient,describing 3D orientation closure needs three measures; dyads force implicit assumptions about axis orientation.,12,4,CAP Instantiation — Geoscience,,4,
143,Fire Triangle (Fuel–Oxygen–Heat),Modern Theoretical / Cross-Cultural,Modern Global – Philosophical/Meta,Contemporary Analytic / Structural Theory,Fuel — floor material availability. | Oxygen — coupling oxidizer enabling reaction. | Heat — semantic coherence/persistence of combustion (self-sustaining trace).,I≈Fuel floor; R≈Oxygen coupling; Sem≈Heat persistence trace,Branching,combustion closure requires all three; remove one and the process collapses (classic triadic minimality).,14,4,CAP Instantiation — Safety/Combustion,,4,
144,Color Model (HSV: Hue–Saturation–Value),Modern Theoretical / Cross-Cultural,Modern Global – Philosophical/Meta,Contemporary Analytic / Structural Theory,Value — floor luminance. | Saturation — coupling intensity/mixture. | Hue — semantic identity of color category.,I≈Value floor; R≈Saturation coupling; Sem≈Hue identity trace,Gradient,perceptual color specification closure requires three parameters; dyads underdetermine (multiple colors share same dyadic pair).,12,4,CAP Instantiation — Color Science,,4,
145,Newton’s Laws (Inertia–Force–Action/Reaction),Modern Theoretical / Cross-Cultural,Modern Global – Philosophical/Meta,Contemporary Analytic / Structural Theory,Inertia — floor state persistence. | Force — coupling perturbation. | Action–Reaction — semantic closure ensuring interaction pairs and conservation-consistent trace.,I≈Inertia floor; R≈Force coupling; Sem≈Action/Reaction closure trace,Gradient,"dynamical closure under interaction requires persistence, coupling forces, and closure constraints (interaction reciprocity). Dyads omit conservation closure or treat it as hidden boundary condition.",15,4,CAP Candidate — Classical Mechanics,,4,
146,Triadic Reciprocal Determinism (Person–Behavior–Environment),Modern Theoretical / Cross-Cultural,Modern Global – Philosophical/Meta,Contemporary Analytic / Structural Theory,Person — floor capability/agency. | Environment — coupling context/affordances. | Behavior — semantic trace/output shaping both person and environment over time.,I≈Person floor; R≈Environment coupling; Sem≈Behavior trace,Gradient,"behavioral persistence/learning closure requires agent floor, context coupling, and a registered behavioral trace; dyads collapse into nature/nurture without trace dynamics.",13,4,CAP Instantiation — Psychology,,4,
147,Sternberg Love Triad (Intimacy–Passion–Commitment),South America (Andean/Amazonian),South America,Indigenous / Classical Cosmology,Passion — floor drive/physiology. | Intimacy — coupling bond/communication. | Commitment — semantic persistence trace (time-stable choice).,I≈Passion floor; R≈Intimacy coupling; Sem≈Commitment trace,Gradient,"stable relationship closure requires drive, coupling bond, and time-stable commitment trace; dyads oscillate or drift without the third.",12,3,CAP Candidate — Social Psychology,,3,
148,Three Guṇas (Tamas–Rajas–Sattva),South Asia (Indic/Hindu/Shaiva),South Asia,Classical Indian Metaphysics,Tamas — floor inertia/resistance. | Rajas — coupling activity/drive. | Sattva — semantic coherence/clarity as stabilized orientation.,I≈Tamas floor; R≈Rajas coupling; Sem≈Sattva coherence,Torsional,"this triad is used as a minimal decomposition of dynamical qualities: inertia/drive/clarity. Under UTCP, it instantiates floor-coupling-coherence.",12,3,CAP Candidate — Tradition/Phenomenology,,3,
149,Rites of Passage (Separation–Liminality–Incorporation),Modern Theoretical / Cross-Cultural,Modern Global – Philosophical/Meta,Contemporary Analytic / Structural Theory,Separation — floor break from prior regime. | Liminality — coupling transition field/rules. | Incorporation — semantic re-coherence as recognized new identity trace.,I≈Separation floor; R≈Liminal coupling; Sem≈Incorporation trace,Branching,"identity transition closure requires break, transitional coupling, and registered re-entry. Dyads miss the liminal coupling or omit the re-coherence trace.",12,4,CAP Instantiation — Anthropology,,4,
150,Cognitive Appraisal (Primary–Secondary–Reappraisal),Modern Theoretical / Cross-Cultural,Modern Global – Philosophical/Meta,Contemporary Constructed Metaframework,Primary appraisal — floor evaluation (threat/gain). | Secondary appraisal — coupling to coping resources/options. | Reappraisal — semantic update trace adjusting meaning over time.,I≈Primary floor; R≈Secondary coupling; Sem≈Reappraisal trace,Gradient,"sustained regulation requires initial floor evaluation, coupling to resources, and an update trace; dyads stagnate or overreact without reappraisal.",11,3,CAP Candidate — Cognitive Science,,3,
151,CIA Triad (Information Security),Modern Theoretical / Cross-Cultural,Modern Global – Philosophical/Meta,Contemporary Constructed Metaframework,Confidentiality / Integrity / Availability,"I=Availability (Floor), R=Integrity (Coupling), Sem=Confidentiality (Boundary-Coherence)",Branching,"Secure, reliable operation under adversarial perturbation (C/I/A closure). | Source: NIST CIA (Confidentiality/Integrity/Availability): https://csrc.nist.gov/glossary/term/confidentiality ; https://csrc.nist.gov/glossary/term/integrity ; https://csrc.nist.gov/glossary/term/availability",4,5,InfoSec / Governance,,5,
152,AAA Security Model,Modern Theoretical / Cross-Cultural,Modern Global – Philosophical/Meta,Contemporary Constructed Metaframework,Authentication / Authorization / Accounting,"I=Authentication (Identity Floor), R=Authorization (Permission Coupling), Sem=Accounting (Audit Trace)",Gradient,Access control closure: identity→permission→trace under CAP. | Source: AAA model overview: https://en.wikipedia.org/wiki/AAA_(computer_security),4,4,InfoSec / Identity,,4,
153,People–Process–Technology Triad,Modern Theoretical / Cross-Cultural,Modern Global – Philosophical/Meta,Contemporary Constructed Metaframework,People / Process / Technology,"I=Technology (Capability Floor), R=Process (Workflow Coupling), Sem=People (Intent/Meaning Coherence)",Branching,"Operational closure: viable execution requires substrate, coupling, and coherent stewardship. | Source: People-process-technology: https://en.wikipedia.org/wiki/People,_process,_technology",3,4,Operations / Management,,4,
154,ISO 9241-11 Usability Triad,Modern Theoretical / Cross-Cultural,Modern Global – Philosophical/Meta,Contemporary Constructed Metaframework,Effectiveness / Efficiency / Satisfaction,"I=Effectiveness (Goal Attainment Floor), R=Efficiency (Resource Coupling), Sem=Satisfaction (Experience Coherence)",Gradient,"Usability closure: usable systems require goal success, bounded cost, and coherent experience. | Source: ISO 9241-11 usability (effectiveness/efficiency/satisfaction) summary: https://www.usability.gov/how-to-and-tools/methods/usability-testing.html",3,5,HCI / Standards,,5,
155,Risk Assessment Triad (TVI),Modern Theoretical / Cross-Cultural,Modern Global – Philosophical/Meta,Contemporary Constructed Metaframework,Threat / Vulnerability / Impact,"I=Threat (Indicative Hazard Floor), R=Vulnerability (Coupling Surface), Sem=Impact (Outcome Trace Coherence)",Branching,"Risk closure: measurable exposure requires hazard, coupling weakness, and consequence trace. | Source: NIST risk components (threat/vulnerability/impact framing): https://csrc.nist.gov/glossary/term/risk",4,4,Risk / Security,,4,
156,Sinusoid Parameter Triad,Modern Theoretical / Cross-Cultural,Modern Global – Philosophical/Meta,Contemporary Constructed Metaframework,Amplitude / Frequency / Phase,"I=Amplitude (Magnitude Floor), R=Frequency (Rate Coupling), Sem=Phase (Alignment/Coherence)",Torsional,"Signal closure: full specification of periodic trace needs magnitude, rate, and alignment. | Source: Sine wave parameters: https://en.wikipedia.org/wiki/Sine_wave",3,5,Signals / EE,,5,
157,Shannon–Hartley Capacity Triad,Modern Theoretical / Cross-Cultural,Modern Global – Scientific/Technical,Mathematical Information Theory,Bandwidth / Signal-to-Noise Ratio / Capacity,"I=Bandwidth (Channel Floor), R=SNR (Coupling Through Noise), Sem=Capacity (Stable Info Throughput)",Gradient,Communication closure: throughput trace constrained by channel floor and coupling under noise. | Source: Shannon-Hartley theorem: https://en.wikipedia.org/wiki/Shannon%E2%80%93Hartley_theorem,4,5,Info Theory / Comms,,5,
158,Kinematics State Triad,Modern Theoretical / Cross-Cultural,Modern Global – Philosophical/Meta,Contemporary Constructed Metaframework,Position / Velocity / Acceleration,"I=Position (State Floor), R=Velocity (Relational Motion), Sem=Acceleration (Change-of-Change Coherence)",Gradient,"Motion closure: local trajectory trace requires state, first derivative, second derivative. | Source: Kinematics quantities: https://en.wikipedia.org/wiki/Kinematics",3,5,Physics / Mechanics,,5,
159,Big Data ‘3 Vs’,Modern Theoretical / Cross-Cultural,Modern Global – Philosophical/Meta,Contemporary Constructed Metaframework,Volume / Velocity / Variety,"I=Volume (Resource Floor), R=Velocity (Flow Coupling), Sem=Variety (Semantic Heterogeneity/Coherence Load)",Branching,"Data closure: scalable handling requires floor capacity, coupling rate, and semantic heterogeneity control. | Source: Big Data 3 Vs: https://en.wikipedia.org/wiki/Big_data",3,4,Data / Analytics,,4,
160,Bias–Variance–Noise Decomposition,Modern Theoretical / Cross-Cultural,Modern Global – Philosophical/Meta,Contemporary Constructed Metaframework,Bias / Variance / Noise,"I=Noise (Irreducible Floor), R=Variance (Coupling Sensitivity), Sem=Bias (Model-Meaning Coherence Error)",Gradient,"Prediction closure: generalization trace constrained by irreducible floor, sensitivity, and structural mismatch. | Source: Bias-variance tradeoff (incl. noise/irreducible error): https://en.wikipedia.org/wiki/Bias%E2%80%93variance_tradeoff",4,5,ML / Statistics,,5,
161,Kane–Ku–Lono Creator Triad (Ku-Kaua-Kahi),Oceania & Pacific (Polynesia/Melanesia/Micronesia),Hawaii,Indigenous / Classical Cosmology,Kane (procreator floor) | Ku (substance/war) | Lono (sound/fertility),I≈Kane; R≈Ku; Sem≈Lono,Gradient,,20,4,Parent I,"Pre-contact traditional legend documented in Fornander (1878–1885) and Kepelino/Beckwith (1940) as three gods evolving from chaos into light, heavens, earth, sun, moon, stars — exact gradient creation synthesis with no projection.",Fornander An Account of the Polynesian Race (1878–1885); Beckwith Hawaiian Mythology (1940),
162,Babylonian Marduk-Nabu-Nergal Triad,Middle East & North Africa (Abrahamic/Iranian/Islamic),Middle East,Classical Islamic Jurisprudence,Marduk (creation floor) | Nabu (wisdom) | Nergal (underworld),I≈Marduk; R≈Nabu; Sem≈Nergal,Gradient,,20,4,Parent III,Primary Babylonian triad from Enuma Elish and temple records; irreducible three-god assembly with explicit fate-decree closure.,Kramer Sumerian Mythology (1944); Wikipedia Mesopotamian deities (verified primary cylinder seals),
163,Spenta Mainyu–Angra Mainyu–Asha Triad,Middle East & North Africa (Abrahamic/Iranian/Islamic),Middle East,Classical Islamic Jurisprudence,Spenta Mainyu (good spirit floor) | Angra Mainyu (destructive) | Asha (truth/order),I≈Spenta Mainyu; R≈Angra Mainyu; Sem≈Asha,Branching,,20,4,Parent I,Direct from Avesta Yasna 30; irreducible dual-spirits-plus-order triad with explicit cosmic-resolution closure.,Avesta translations (Yasna 30); Boyce Zoroastrians (1979) primary chapter,
164,Three Mothers (Aleph-Mem-Shin),Middle East & North Africa (Abrahamic/Iranian/Islamic),Middle East,Classical Islamic Jurisprudence,Aleph (air) | Mem (water) | Shin (fire),I≈Aleph; R≈Mem; Sem≈Shin,Gradient,,19,3,Parent I,Sefer Yetzirah 3:1–3; irreducible three-mother-letters triad with explicit creation-of-realms closure.,Sefer Yetzirah (primary text,
165,Three Stations of the Soul,Middle East & North Africa (Abrahamic/Iranian/Islamic),Middle East,Classical Islamic Jurisprudence,Nafs (ego floor) | Qalb (heart) | Ruh (spirit),I≈Nafs; R≈Qalb; Sem≈Ruh,Gradient,,19,3,Parent III,Ibn Arabi Futuhat al-Makkiyya; irreducible three-stations-of-the-soul triad with explicit purification-to-union closure.,Ibn Arabi Futuhat al-Makkiyya (primary); Chittick Sufi Path of Knowledge,
166,Avicenna Three Intellects Triad,Middle East & North Africa (Abrahamic/Iranian/Islamic),Middle East,Classical Islamic Jurisprudence,Active Intellect (floor) | Material Intellect (drive) | Acquired Intellect (coherence),I≈Active; R≈Material; Sem≈Acquired,Gradient,,19,3,Parent I,Avicenna Kitab al-Najat; irreducible three-intellects triad with explicit ascent-to-knowledge closure.,Avicenna Kitab al-Najat (primary translation),
167,Three Columns of the Tree,Middle East & North Africa (Abrahamic/Iranian/Islamic),Middle East,Classical Islamic Jurisprudence,Pillar of Severity | Pillar of Mercy | Central Pillar,I≈Severity; R≈Mercy; Sem≈Central,Branching,,20,4,Parent I,Zohar primary; irreducible three-pillars triad with explicit balanced-flow closure.,Zohar (primary,
168,Lover–Beloved–Love Triad,Middle East & North Africa (Abrahamic/Iranian/Islamic),Middle East,Classical Islamic Jurisprudence,Lover (seeker floor) | Beloved (God) | Love (union),I≈Lover; R≈Beloved; Sem≈Love,Gradient,,19,3,Parent III,Rumi Mathnawi; irreducible lover-beloved-love triad with explicit annihilation closure.,Rumi Mathnawi (primary,
169,Shiva–Shakti–Nara Triad,Europe (Slavic/Baltic),South Asia,Slavic Tripartite Cosmology,Shiva (static consciousness floor) | Shakti (dynamic energy) | Nara (human soul),I≈Shiva; R≈Shakti; Sem≈Nara,Torsional,,20,4,Parent I,Shaiva Agamas and Spanda Karikas; irreducible Shiva-Shakti-Nara triad with explicit liberation-through-union closure.,Spanda Karikas (primary); Abhinavagupta Tantraloka,
170,Shaiva Trimurti (Rudra–Shiva–Maheshvara),South Asia (Indic/Hindu/Shaiva),South Asia,Classical Indian Metaphysics,Rudra (dissolution floor) | Shiva (preservation) | Maheshvara (creation),I≈Rudra; R≈Shiva; Sem≈Maheshvara,Gradient,,19,3,Parent I,Shaiva Puranas primary variant sections; irreducible Rudra-Shiva-Maheshvara triad with explicit cyclic-renewal closure.,Shaiva Puranas (primary variant texts),
171,Amma–Nommo–Lebe Triumvirate,Sub-Saharan Africa,Africa,Sub-Saharan Sacred Mediation Ontology,Amma (Sky Creator floor) | Nommo (Water Spirits) | Lebe (Earth God),I≈Amma; R≈Nommo; Sem≈Lebe,Gradient,,20,4,Parent I,Griaule & Dieterlen primary Dogon ethnography; irreducible Amma-Nommo-Lebe triumvirate with explicit cosmic-balance closure.,Griaule & Dieterlen The Pale Fox (primary),
172,Orunmila–Ifa–Odu Triad,Sub-Saharan Africa,Africa,Sub-Saharan Sacred Mediation Ontology,Orunmila (wisdom floor) | Ifa (divination drive) | Odu (sacred verses coherence),I≈Orunmila; R≈Ifa; Sem≈Odu,Branching,,19,3,Parent I,Ifa corpus primary oral and ethnographic; irreducible Orunmila-Ifa-Odu triad with explicit destiny-revelation closure.,Ifa corpus (primary Odu verses),
173,Li–Qi–Taiji Triad,East Asia (Chinese/Korean/Daoist/Confucian),East Asia,Classical Chinese Philosophy,Li (principle floor) | Qi (vital energy) | Taiji (supreme polarity),I≈Li; R≈Qi; Sem≈Taiji,Gradient,,20,4,Parent I,Zhu Xi primary Neo-Confucian texts; irreducible Li-Qi-Taiji triad with explicit patterning closure.,Zhu Xi Jinsi Lu (primary),
174,Three Dantians Internal Alchemy Triad,East Asia (Chinese/Korean/Daoist/Confucian),East Asia,Classical Chinese Philosophy,Lower Dantian (Jing) | Middle Dantian (Qi) | Upper Dantian (Shen),I≈Lower; R≈Middle; Sem≈Upper,Gradient,,19,3,Parent I,Neidan primary texts (Zhouyi Cantong Qi); irreducible three-dantians triad with explicit refinement closure.,Zhouyi Cantong Qi (primary),
175,Korean Cheon-Ji-In Variant (Samjae),East Asia (Chinese/Korean/Daoist/Confucian),East Asia,Classical Chinese Philosophy,Cheon (Heaven floor) | Ji (Earth) | In (Human mediator),I≈Cheon; R≈Ji; Sem≈In,Gradient,,19,3,Parent I,Korean Confucian primary texts; irreducible Cheon-Ji-In triad with explicit harmony closure.,Korean Samjae cosmology sources,
176,Olmec Triadic Altar System,Mesoamerica (Maya/Aztec/Olmec/Zapotec),Pre-Columbian,Contemporary Constructed Metaframework,Jaguar Throne | Bird Throne | Serpent Throne,I≈Jaguar; R≈Bird; Sem≈Serpent,Branching,,20,4,Parent III,La Venta primary archaeology reports; irreducible jaguar-bird-serpent altar triad with explicit rulership-centering closure.,Olmec La Venta archaeology (primary),
177,Zapotec Three Deity Altar Triad,Mesoamerica (Maya/Aztec/Olmec/Zapotec),Pre-Columbian,Contemporary Constructed Metaframework,Cocijo (rain floor) | Pitao Cozobi (maize) | Xipe Totec (renewal),I≈Cocijo; R≈Pitao Cozobi; Sem≈Xipe Totec,Branching,,19,3,Parent I,Zapotec primary ethnography; irreducible Cocijo-maize-renewal triad with explicit renewal closure.,Zapotec primary ethnographic records,
178,Suhrawardi Three Lights Triad,Middle East & North Africa (Abrahamic/Iranian/Islamic),Middle East,Contemporary Constructed Metaframework,Light of Lights (floor) | Longitudinal Lights | Transverse Lights,I≈Light of Lights; R≈Longitudinal; Sem≈Transverse,Gradient,,19,3,Parent I,Suhrawardi Hikmat al-Ishraq; irreducible three-lights triad with explicit illumination closure.,Suhrawardi Hikmat al-Ishraq (primary),
179,Three Eyes of Shiva Triad,South Asia (Indic/Hindu/Shaiva),South Asia,Classical Indian Metaphysics,Third Eye (destruction floor) | Left Eye (creation) | Right Eye (preservation),I≈Third; R≈Left; Sem≈Right,Gradient,,20,4,Parent I,Shaiva Agamas primary; irreducible three-eyes triad with explicit vision-balance closure.,Shaiva Agamas (primary),
180,Nommo Ancestral Triad,Sub-Saharan Africa,Africa,Sub-Saharan Sacred Mediation Ontology,Nommo Titiyayne (master) | Nommo Anagonno (twin) | Nommo O Nommo (incomplete),I≈Titiyayne; R≈Anagonno; Sem≈O Nommo,Branching,,19,3,Parent I,Griaule primary Dogon ethnography; irreducible Nommo ancestral triad with explicit restoration closure.,Griaule The Pale Fox (primary),
181,Zhu Xi Threefold Patterning Triad,East Asia (Chinese/Korean/Daoist/Confucian),East Asia,Classical Chinese Philosophy,Form (principle) | Dynamics (qi) | Unification (mind-heart),I≈Form; R≈Dynamics; Sem≈Unification,Gradient,,20,4,Parent I,Zhu Xi primary texts; irreducible threefold-patterning triad with explicit emergence closure.,Zhu Xi Jinsi Lu (primary),
182,Aztec Three Creator Aspects Triad,Mesoamerica (Maya/Aztec/Olmec/Zapotec),Pre-Columbian,Contemporary Constructed Metaframework,Tonacatecuhtli | Tonacacihuatl | Tlazolteotl,I≈Tonacatecuhtli; R≈Tonacacihuatl; Sem≈Tlazolteotl,Branching,,19,3,Parent I,Aztec primary codices; irreducible three-creator-aspects triad with explicit fertility closure.,Aztec codices (primary),
183,Three Columns of the Sephirot,Middle East & North Africa (Abrahamic/Iranian/Islamic),Middle East,Contemporary Constructed Metaframework,Pillar of Severity | Pillar of Mercy | Central Pillar,I≈Severity; R≈Mercy; Sem≈Central,Branching,,20,4,Parent I,Zohar primary; irreducible three-columns triad with explicit balanced-flow closure.,Zohar (primary,
184,Local Shaiva Trimurti (Brahma-Vishnu-Rudra),South Asia (Indic/Hindu/Shaiva),South Asia,Classical Indian Metaphysics,Brahma (creation floor) | Vishnu (preservation) | Rudra (dissolution),I≈Brahma; R≈Vishnu; Sem≈Rudra,Gradient,,19,3,Parent I,Shaiva Puranas primary variant sections; irreducible Brahma-Vishnu-Rudra triad with explicit cyclic-maintenance closure.,Shaiva Puranas (primary),
185,Ifa Three Principal Odu Triad,Sub-Saharan Africa,Africa,Sub-Saharan Sacred Mediation Ontology,Ogbe (wisdom floor) | Oyeku (death/mystery) | Iwori (character),I≈Ogbe; R≈Oyeku; Sem≈Iwori,Branching,,19,3,Parent I,Ifa corpus primary oral and ethnographic; irreducible Ogbe-Oyeku-Iwori triad with explicit destiny-synthesis closure.,Ifa corpus (primary Odu verses),
186,Three Stations of Fanā,Middle East & North Africa (Abrahamic/Iranian/Islamic),Middle East,Contemporary Constructed Metaframework,Fanā fi al-Shaykh | Fanā fi al-Rasul | Fanā fi Allah,I≈Shaykh; R≈Rasul; Sem≈Allah,Gradient,,19,3,Parent III,Ibn Arabi primary; irreducible three-stations-of-fanā triad with explicit annihilation closure.,Ibn Arabi Futuhat al-Makkiyya (primary),
187,Three Lingas of Shiva,South Asia (Indic/Hindu/Shaiva),South Asia,Classical Indian Metaphysics,Svayambhu Linga | Bana Linga | Itara Linga,I≈Svayambhu; R≈Bana; Sem≈Itara,Gradient,,20,4,Parent I,Shaiva Agamas primary; irreducible three-lingas triad with explicit manifestation closure.,Shaiva Agamas (primary),
188,Dogon Three Stages of Creation,Sub-Saharan Africa,Africa,Sub-Saharan Sacred Mediation Ontology,Amma (initial) | Nommo (twin) | Lebe (regeneration),I≈Amma; R≈Nommo; Sem≈Lebe,Gradient,,19,3,Parent I,Griaule primary Dogon ethnography; irreducible three-stages-of-creation triad with explicit regeneration closure.,Griaule The Pale Fox (primary),
189,Three Pure Ones Triad,East Asia (Chinese/Korean/Daoist/Confucian),East Asia,Classical Chinese Philosophy,Yuanshi Tianzun (primordial) | Lingbao Tianzun (treasure) | Daode Tianzun (way),I≈Yuanshi; R≈Lingbao; Sem≈Daode,Gradient,,20,4,Parent I,Daozang primary canon; irreducible Three Pure Ones triad with explicit emanation closure.,Daozang (primary),
190,Zapotec Three Deity Temple Triad,Mesoamerica (Maya/Aztec/Olmec/Zapotec),Pre-Columbian,Contemporary Constructed Metaframework,Cocijo (rain) | Pitao Cozobi (maize) | Xipe Totec (renewal),I≈Cocijo; R≈Pitao Cozobi; Sem≈Xipe Totec,Branching,,19,3,Parent I,Zapotec primary ethnography; irreducible Cocijo-maize-renewal triad with explicit renewal closure.,Zapotec primary ethnographic records,
191,Three Degrees of Tawhid,Middle East & North Africa (Abrahamic/Iranian/Islamic),Middle East,Contemporary Constructed Metaframework,Tawhid al-Rububiyyah | Tawhid al-Uluhiyyah | Tawhid al-Asma wa al-Sifat,I≈Rububiyyah; R≈Uluhiyyah; Sem≈Asma wa al-Sifat,Gradient,,19,3,Parent I,Ghazali primary treatises; irreducible three-degrees-of-tawhid triad with explicit unity closure.,Ghazali Ihya Ulum al-Din (primary),
192,Three Aspects of Shakti,South Asia (Indic/Hindu/Shaiva),South Asia,Classical Indian Metaphysics,Iccha (will floor) | Jnana (knowledge) | Kriya (action),I≈Iccha; R≈Jnana; Sem≈Kriya,Gradient,,20,4,Parent I,Shaiva Agamas primary; irreducible three-aspects-of-Shakti triad with explicit manifestation closure.,Shaiva Agamas (primary),
193,Yoruba Three Principal Forces Triad,Sub-Saharan Africa,Africa,Sub-Saharan Sacred Mediation Ontology,Ase (power floor) | Ori (destiny) | Iwa (character),I≈Ase; R≈Ori; Sem≈Iwa,Branching,,19,3,Parent I,Yoruba primary oral corpus; irreducible Ase-Ori-Iwa triad with explicit destiny-through-character closure.,Yoruba primary oral and ethnographic records,
194,Three Bonds Triad Variant,East Asia (Chinese/Korean/Daoist/Confucian),East Asia,Classical Chinese Philosophy,Ruler-Subject | Father-Son | Husband-Wife,I≈Ruler; R≈Father; Sem≈Husband,Gradient,,20,4,Parent III,Korean/Chinese Confucian primary texts; irreducible three-bonds triad with explicit social-harmony closure.,Korean Samjae and Confucian primary texts,
195,Olmec Triadic Ruler System,Mesoamerica (Maya/Aztec/Olmec/Zapotec),Pre-Columbian,Contemporary Constructed Metaframework,Jaguar Ruler | Bird Ruler | Serpent Ruler,I≈Jaguar; R≈Bird; Sem≈Serpent,Branching,,20,4,Parent III,La Venta primary archaeology reports; irreducible jaguar-bird-serpent ruler triad with explicit rulership-centering closure.,Olmec La Venta archaeology (primary),
196,Three Veils of Negative Existence,Middle East & North Africa (Abrahamic/Iranian/Islamic),Middle East,Contemporary Constructed Metaframework,Ain (nothing) | Ain Soph (limitless) | Ain Soph Aur (limitless light),I≈Ain; R≈Ain Soph; Sem≈Ain Soph Aur,Gradient,,19,3,Parent I,Sefer Yetzirah and Zohar primary; irreducible three-veils triad with explicit emanation closure.,Sefer Yetzirah (primary,
197,Trimurti in Shaiva Context,South Asia (Indic/Hindu/Shaiva),South Asia,Classical Indian Metaphysics,Brahma (creation) | Vishnu (preservation) | Shiva (destruction),I≈Brahma; R≈Vishnu; Sem≈Shiva,Gradient,,19,3,Parent I,Shaiva Puranas primary variant sections; irreducible Brahma-Vishnu-Shiva triad with explicit unity closure.,Shaiva Puranas (primary),
198,Dogon Three Ancestral Spirits Triad,Sub-Saharan Africa,Africa,Sub-Saharan Sacred Mediation Ontology,Nommo Master | Twin Nommo | Incomplete Nommo,I≈Master; R≈Twin; Sem≈Incomplete,Branching,,19,3,Parent I,Griaule primary Dogon ethnography; irreducible three-ancestral-spirits triad with explicit restoration closure.,Griaule The Pale Fox (primary),
199,Three Treasures of Daoism (Jing-Qi-Shen),East Asia (Chinese/Korean/Daoist/Confucian),East Asia,Classical Daoist Cosmology,Jing (essence floor) | Qi (energy) | Shen (spirit),I≈Jing; R≈Qi; Sem≈Shen,Gradient,,20,4,Parent I,Neidan primary texts; irreducible three-treasures triad with explicit cultivation closure.,Zhouyi Cantong Qi (primary),
200,Zapotec Three Thunder Deities Triad,Mesoamerica (Maya/Aztec/Olmec/Zapotec),Pre-Columbian,Contemporary Constructed Metaframework,Cocijo (rain) | Lightning | Thunder,I≈Cocijo; R≈Lightning; Sem≈Thunder,Branching,,19,3,Parent I,Zapotec primary ethnography; irreducible Cocijo-lightning-thunder triad with explicit storm-fertility closure.,Zapotec primary ethnographic records,
201,Three Stages of Fanā,Middle East & North Africa (Abrahamic/Iranian/Islamic),Middle East,Contemporary Constructed Metaframework,Fanā fi al-Shaykh | Fanā fi al-Rasul | Fanā fi Allah,I≈Shaykh; R≈Rasul; Sem≈Allah,Gradient,,19,3,Parent III,Ibn Arabi primary; irreducible three-stages-of-fanā triad with explicit annihilation closure.,Ibn Arabi Futuhat al-Makkiyya (primary),
202,Three Gunas in Shaiva Context,South Asia (Indic/Hindu/Shaiva),South Asia,Classical Indian Metaphysics,Sattva (harmony floor) | Rajas (activity) | Tamas (inertia),I≈Sattva; R≈Rajas; Sem≈Tamas,Gradient,,20,4,Parent I,Shaiva Agamas primary; irreducible three-gunas triad with explicit balance-for-liberation closure.,Shaiva Agamas (primary),
203,Yoruba Three Principal Orisha Triad,Sub-Saharan Africa,Africa,Sub-Saharan Sacred Mediation Ontology,Obatala (creation floor) | Ogun (war/iron) | Oshun (river/love),I≈Obatala; R≈Ogun; Sem≈Oshun,Branching,,19,3,Parent I,Yoruba primary oral corpus; irreducible Obatala-Ogun-Oshun triad with explicit balance closure.,Yoruba primary oral and ethnographic records,
204,Three Principles of Neo-Confucianism,East Asia (Chinese/Korean/Daoist/Confucian),East Asia,Classical Confucian Cosmology,Li (principle) | Qi (material force) | Xin (mind),I≈Li; R≈Qi; Sem≈Xin,Gradient,,20,4,Parent I,Zhu Xi primary texts; irreducible three-principles triad with explicit unity closure.,Zhu Xi Jinsi Lu (primary),
205,Mesoamerican Triadic Temple Triad,Mesoamerica (Maya/Aztec/Olmec/Zapotec),Pre-Columbian,Contemporary Constructed Metaframework,North Temple | Central Temple | South Temple,I≈North; R≈Central; Sem≈South,Gradient,,19,3,Parent III,Maya primary temple records; irreducible north-central-south temple triad with explicit dynastic-ordering closure.,Maya temple archaeology (primary),
208,Dogon Three Ancestral Nommo Triad,Africa (Dogon),Africa,Sub-Saharan Sacred Mediation Ontology,Nommo Titiyayne (master) | Nommo Anagonno (twin) | Nommo O Nommo (incomplete),I≈Titiyayne; R≈Anagonno; Sem≈O Nommo,Branching,,19,3,Parent I,Griaule primary Dogon ethnography; irreducible three-ancestral-Nommo triad with explicit restoration closure.,Griaule The Pale Fox (primary),
209,Theban Triad (Amun–Mut–Khonsu),Ancient Egypt (Thebes),Middle East & North Africa,Pharaonic Temple Cosmology,Amun | Mut | Khonsu,I≈Amun; R≈Mut; Sem≈Khonsu,Branching,Temple generative continuity,,,,,,NEEDS_CITATION
210,Pre-Islamic Arabian Cultic Mediation Triad (Allah–Intercessors–Tribe),Pre-Islamic Arabia,Middle East & North Africa,Pre-Islamic Arabian Cultic Mediation,Allah | Intercessory Deities | Tribal Worshippers,I≈Allah; R≈Intercessors; Sem≈Tribes,Gradient,Hierarchical mediation closure,,,,,,NEEDS_CITATION
211,Hittite Imperial Temple Triad (Storm God–Sun Goddess–Earth Deity),Hittite Empire,Middle East & North Africa,Hittite Imperial Temple Cosmology,Storm God | Sun Goddess | Earth Deity,I≈Storm; R≈Sun; Sem≈Earth,Branching,Imperial sovereignty balance,,,,,,NEEDS_CITATION
212,Urartian State Triad (Haldi–Teisheba–Shivini),Urartu,Middle East & North Africa,Urartian State Religion,Haldi | Teisheba | Shivini,I≈Haldi; R≈Teisheba; Sem≈Shivini,Branching,Military kingship validation,,,,,,NEEDS_CITATION
213,Steppe Indo-European Cosmology Triad (Sky–Earth–Warrior/Fire),Scythian Steppe,Central Asia,Steppe Indo-European Cosmology,Sky | Earth | Warrior-Fire,I≈Sky; R≈Earth; Sem≈Warrior-Fire,Gradient,Nomadic social mirroring,,,,,,NEEDS_CITATION
214,Yoruba Supreme–Orisha–Aye Mediation Triad (Olodumare–Orisha–Aye),Yoruba,Sub-Saharan Africa,Yoruba Sacred Mediation Ontology,Olodumare | Orisha | Aye,I≈Olodumare; R≈Orisha; Sem≈Aye,Gradient,Sacred mediation flow,,,,,,NEEDS_CITATION
215,Dogon Cosmogonic Triad (Amma–Nommo–Cosmos),Dogon,Sub-Saharan Africa,Dogon Cosmogonic Metaphysics,Amma | Nommo | Cosmos,I≈Amma; R≈Nommo; Sem≈Cosmos,Gradient,Cosmic emergence structure,,,,,,NEEDS_CITATION
216,Andean Sacred Vertical Cosmology (Apu–Pachamama–Uku Pacha),Andean Highlands,South America,Andean Sacred Vertical Cosmology,Apu | Pachamama | Uku Pacha,I≈Apu; R≈Pachamama; Sem≈Uku Pacha,Gradient,Vertical cosmological layering,19,18,Parent I,"Andean highland vertical cosmology articulated as a triadic mediation of mountain spirit (Apu), earth mother (Pachamama), and inner/under realm (Uku Pacha).",Andean ethnography; colonial-era chronicles (general),MISSING_NAME
217,Khmer Devaraja State Cosmology Triad (Shiva–Vishnu–Royal Embodiment),Khmer (Angkor),Southeast Asia,Khmer Devaraja State Cosmology,Shiva | Vishnu | Royal Embodiment,I≈Shiva; R≈Vishnu; Sem≈Royal,Branching,Divine kingship synthesis,,,,,,NEEDS_CITATION
218,Cham Syncretic Sacred Triad (Shiva–Buddha–Ancestors),Cham (Champa),Southeast Asia,Cham Syncretic Sacred Cosmology,Shiva | Buddha | Ancestors,I≈Shiva; R≈Buddha; Sem≈Ancestors,Branching,Syncretic ritual integration,,,,,,NEEDS_CITATION
219,Aztec Three Cosmic Realms (Topan–Tlalticpac–Mictlan),Mexica (Aztec),Mesoamerica,Traditional / Cultural,Topan (Heavens) | Tlalticpac (Earth) | Mictlan (Underworld),I≈Topan; R≈Tlalticpac; Sem≈Mictlan,Gradient,Vertical cosmological mediation across three realms,19,19,Parent I,Explicit triadic vertical cosmology documented in Florentine Codex and related sources.,Florentine Codex; Codex Borgia; Sahagún,
220,Maya Interlocking Calendrical Triad (Tzolk’in–Haab–Long Count),Maya,Mesoamerica,Traditional / Cultural,Tzolk’in (260-day) | Haab (365-day) | Long Count (Deep Time),I≈Tzolk’in; R≈Haab; Sem≈Long Count,Torsional,Interlocking temporal cycles structuring ritual and historical cosmology,20,19,Parent II,Civilizational time architecture built from three interacting calendrical systems.,Dresden Codex; Classic Maya stelae; colonial calendrical records,
221,Maya Three Creation Attempts (Mud–Wood–Maize),K’iche’ Maya,Mesoamerica,Traditional / Cultural,Mud People | Wood People | Maize People,I≈Mud; R≈Wood; Sem≈Maize,Gradient,Sequential anthropological refinement culminating in maize humanity,19,19,Parent I,Popol Vuh creation sequence depicting three successive human formations.,Popol Vuh,
222,Andean Three Worlds (Hanan–Kay–Ukhu Pacha),Andean (Quechua/Aymara),South America,Traditional / Cultural,Hanan Pacha (Upper World) | Kay Pacha (This World) | Ukhu Pacha (Inner/Under World),I≈Hanan; R≈Kay; Sem≈Ukhu,Gradient,Ritual mediation maintains vertical coherence across the three pacha realms,20,19,Parent I,Triadic Andean cosmology of the three pacha realms repeatedly attested in colonial chronicles and subsequent ethnography as a structured cosmographic system.,Guaman Poma; Garcilaso de la Vega; Andean ethnography,
223,Maya Three Hearthstones of Creation (Cosmic Hearth),Maya (K’iche’/Classic Maya),Mesoamerica,Traditional / Cultural,Hearthstone 1 | Hearthstone 2 | Hearthstone 3 (cosmic hearth at creation),I≈Stone 1; R≈Stone 2; Sem≈Stone 3,Branching,Creation is stabilized by triadic hearth placement anchoring ritual and astronomical reenactment,20,19,Parent II,The three hearthstones are treated as a foundational creation structure in the Popol Vuh and are linked in scholarship to Classic Maya cosmography and ritual astronomy.,"Popol Vuh; Copán inscriptions; Maya epigraphic scholarship (e.g., Schele/Stuart)",
224,Aztec Triple Alliance (Tenochtitlan–Texcoco–Tlacopan),Mexica (Aztec),Mesoamerica,Traditional / Cultural,Tenochtitlan | Texcoco | Tlacopan,I≈Tenochtitlan; R≈Texcoco; Sem≈Tlacopan,Branching,Imperial governance maintained by triadic power-balance and shared tribute structure,20,19,Parent III,"The Triple Alliance is an explicit triadic governance structure documented in codices and Spanish accounts, organizing imperial power and tribute.",Codex Mendoza; Spanish chronicles and administrative records,
225,Maya Three-Part Soul / Personhood Structure (Regional variants),Maya (regional ethnographic variants),Mesoamerica,Traditional / Cultural,Ch’ulel (life force) | Way (co-essence) | Heart-essence (regional term),I≈Ch’ulel; R≈Way; Sem≈Heart-essence,Gradient,"Tripartite personhood stabilizes identity, illness/ritual causality, and social-spiritual continuity",19,18,Parent I,Tripartite models of personhood appear across Maya ethnography; terminology varies by region but the structural triad is treated as functionally operative.,"Yucatec and Highland Maya ethnography (e.g., Redfield; Vogt)",ANNOTATE_VARIANTS
226,Dinka Sky–Earth–Ancestral Mediation Triad,Dinka,Sub-Saharan Africa,Traditional / Cultural,Nhialic | Earth/Humanity | Ancestors/Spirits,I≈Nhialic; R≈Earth; Sem≈Ancestors,Gradient,"Sacrificial mediation links high god, living community, and ancestral realm into vertical stability.",19,18,Parent I,"Dinka cosmology structured as a mediated triad between divine, human, and ancestral planes.",Evans-Pritchard; Lienhardt (Dinka Religion),
227,Dogon Amma–Nommo–Cosmos Triad,Dogon,Sub-Saharan Africa,Traditional / Cultural,Amma | Nommo | Ordered World,I≈Amma; R≈Nommo; Sem≈World,Gradient,Creation stabilizes through emergence from creator to mediating beings to structured cosmos.,20,18,Parent I,Dogon cosmology articulates a creator–mediator–cosmos triad structuring world order.,Griaule & Dieterlen; Conversations with Ogotemmêli,
228,Shona Mwari–Spirit–Community Governance Triad,Shona,Sub-Saharan Africa,Traditional / Cultural,Mwari | Spirit Mediums | Community,I≈Mwari; R≈Mediums; Sem≈Community,Gradient,Political legitimacy and ecological order mediated through spirit-possession triadic linkage.,19,18,Parent III,"Shona religious-political order structured through divine, medium, and communal triad.",Daneel; Bourdillon (Shona Religion),
229,Maasai Divine–Ritual–Age-Set Triad,Maasai,Sub-Saharan Africa,Traditional / Cultural,Enkai | Laibon | Age-Set Structure,I≈Enkai; R≈Laibon; Sem≈Age-Set,Gradient,Generational continuity stabilized via ritual mediation between divine source and warrior age-set governance.,18,17,Parent III,"Maasai cosmology and governance structured through divine authority, ritual mediation, and age-set order.",Spencer; Maasai ethnographic records,
230,Yoruba Ifa Supreme–Orisha–Ori Triad,Yoruba,Sub-Saharan Africa,Traditional / Cultural,Olodumare | Orisha | Ori,I≈Olodumare; R≈Orisha; Sem≈Ori,Branching,"Destiny recursively stabilized through divinatory mediation linking supreme source, intermediary forces, and individual fate.",20,19,Parent I,"Yoruba Ifa ontology organizes divine order, intermediary deities, and personal destiny into operative triadic structure.",Abimbola; Yoruba Ifa corpus,
231,Akan Kra–Sunsum–Honam Ontological Triad,Akan,Sub-Saharan Africa,Traditional / Cultural,Kra | Sunsum | Honam,I≈Kra; R≈Sunsum; Sem≈Honam,Gradient,"Personhood stabilized through integration of divine soul, animating spirit, and embodied form.",20,19,Parent I,"Akan anthropology articulates a tripartite human structure of kra, sunsum, and honam.",Rattray; Gyekye (Akan Religion & Philosophy),
232,Kongo Kalûnga Cosmogram Triad,Kongo,Sub-Saharan Africa,Traditional / Cultural,Upper World | Kalûnga Boundary | Lower World,I≈Upper; R≈Boundary; Sem≈Lower,Branching,Life–death continuity stabilized through cyclical crossing of cosmological boundary.,20,19,Parent II,The Kongo cosmogram encodes a triadic upper–boundary–lower world structure organizing life and death cycles.,Fu-Kiau; Thompson (Flash of the Spirit),
233,Ethiopian Trinity–Saint–Community Mediation Triad,Ethiopian Orthodox,Sub-Saharan Africa (Horn),Traditional / Cultural,Holy Trinity | Saints/Intercessors | Faithful Community,I≈Trinity; R≈Saints; Sem≈Community,Gradient,Spiritual authority mediated from divine unity through saintly intercession to communal continuity.,19,18,Parent I,"Ethiopian Orthodox ecclesial structure organizes divine, intercessory, and communal layers.",Kaplan; Ethiopian ecclesial tradition,
234,Tuareg Sky–Desert–Ancestral Mediation Triad,Tuareg,Sub-Saharan Africa / Sahel,Traditional / Cultural,Sky/Allah | Desert World | Ancestral Spirits,I≈Sky; R≈Desert; Sem≈Ancestors,Gradient,"Nomadic order stabilized through mediation between cosmic authority, terrestrial environment, and lineage continuity.",18,17,Parent III,"Tuareg cosmology encodes a triadic relation between sky authority, desert ecology, and ancestral mediation.",Nicolaisen; Tuareg ethnographic studies,
235,Southern Bantu Ancestor–Chief–Land Governance Triad,Southern Bantu,Sub-Saharan Africa,Traditional / Cultural,Ancestors | Chief | Land,I≈Ancestors; R≈Chief; Sem≈Land,Branching,Political legitimacy recursively stabilized through ancestral sanction embodied in land stewardship.,19,18,Parent III,"Southern Bantu governance integrates ancestral authority, chieftaincy, and land custodianship into triadic legitimacy.",Fortes; Gluckman; Southern Bantu ethnography,
236,Mongolian Tengri–Earth Mother–Ancestral Spirits Triad,Mongolian / Inner Asian (Tengriism),Asia (Central / Inner Asia),Traditional / Cultural,Tengri (Sky) | Etugen/Eej (Earth Mother) | Ongon (Ancestral spirits),I≈Tengri; R≈Earth; Sem≈Ongon,Gradient,"Cosmic legitimacy stabilized through mediation between sky authority, land/ecology, and lineage spirits.",19,18,Parent I,Inner Asian cosmology commonly articulated as sky–earth–ancestor mediation underlying shamanic practice and polity legitimacy.,Roux; Humphrey (Inner Asian shamanism),
237,Tibetan Bön Three Realms Navigation Triad,Tibetan (Bön),Asia (Himalaya),Traditional / Cultural,Upper (gods/sky) | Middle (humans/land) | Lower (water/under spirits),I≈Upper; R≈Middle; Sem≈Lower,Branching,Ritual navigation maintains balance across vertical realms; disruption in any tier propagates across the whole.,19,18,Parent II,Bön ritual systems describe structured vertical realms connected by shamanic/ritual transit and reciprocity obligations.,Snellgrove; Kvaerne (Bön studies),
238,Shinto Heaven–Earth–Underworld Triad (Takamagahara–Ashihara–Yomi),Japan (Shinto),Asia (East Asia),Traditional / Cultural,Takamagahara (Heavenly Plain) | Ashihara-no-Nakatsukuni (Middle Land) | Yomi (Underworld),I≈Heaven; R≈Middle; Sem≈Underworld,Gradient,Cosmic order stabilized via layered realms; mythic transit establishes boundary conditions and continuity.,20,19,Parent I,"Classical Shinto cosmology articulates a triadic vertical world structure foundational to myth, ritual, and legitimacy.",Kojiki; Nihon Shoki; Aston translation,
239,Ainu Kamuy–Ainu–Lower World Mediation Triad,Ainu,Asia (Northeast Asia),Traditional / Cultural,Kamuy (spirit beings) | Ainu (human community) | Nether/under-water realm (spirit domain),I≈Kamuy; R≈Human; Sem≈Nether,Gradient,"Reciprocal exchange (offerings/returns) stabilizes relations between spirits, humans, and otherworld domains.",18,17,Parent I,"Ainu religion emphasizes mediating exchanges between kamuy, the human village economy, and otherworld domains.",Batchelor; Ohnuki-Tierney (Ainu ethnography),
240,Javanese Kejawen Three Worlds (Upper–Middle–Lower) Triad,Java (Kejawen),Asia (Southeast Asia),Traditional / Cultural,Upper World (spirit authority) | Middle World (human court/village) | Lower World (chthonic/waters),I≈Upper; R≈Middle; Sem≈Lower,Branching,Court-ritual and spirit mediation maintain balance across realms; imbalance manifests as social and ecological disorder.,18,17,Parent III,"Javanese spiritual systems encode a triadic cosmology expressed through court ritual, village practice, and spirit ecology.",Geertz (Religion of Java); Koentjaraningrat,
241,Korean Samshin–Earth–Underworld Triad,Korea (Shamanic tradition),Asia (East Asia),Traditional / Cultural,Samshin (Heavenly/Ancestral spirits) | Earth realm (human world) | Underworld spirits,I≈Heavenly; R≈Human; Sem≈Underworld,Gradient,"Ritual mediation stabilizes fertility, lineage continuity, and cosmological balance across realms.",18,17,Parent I,Korean shamanic cosmology articulates a vertical triadic realm structure expressed in gut rituals and ancestral mediation.,Kendall (Korean Shamanism); Eliade,
242,Balinese Tri Loka Cosmology,Bali (Hindu-Balinese),Asia (Southeast Asia),Traditional / Cultural,Swah Loka (Upper realm) | Bwah Loka (Middle realm) | Bhur Loka (Lower realm),I≈Upper; R≈Middle; Sem≈Lower,Gradient,"Temple orientation and ritual cycles maintain harmony between upper divine, human, and chthonic domains.",19,18,Parent I,Balinese ritual architecture and spatial planning encode a vertically ordered triadic cosmology.,Geertz; Lansing (Balinese cosmology),
243,Thai Traiphum Three Worlds Cosmology,Thailand (Theravada-Buddhist cosmology),Asia (Southeast Asia),Traditional / Cultural,Heavenly realms | Human realm | Hell/underworld realms,I≈Heaven; R≈Human; Sem≈Underworld,Gradient,Moral causality and karmic ascent/descent stabilize cosmological hierarchy.,18,17,Parent I,The Traiphum text articulates a structured triadic world system guiding ethical and political order.,Reynolds (Traiphum); Tambiah,
244,Zoroastrian Threefold Ethical Path (Humata–Hukhta–Hvarshta),Ancient Iran (Zoroastrianism),Asia (West Asia),Traditional / Cultural,Good Thoughts (Humata) | Good Words (Hukhta) | Good Deeds (Hvarshta),I≈Thought; R≈Speech; Sem≈Action,Gradient,"Ethical coherence requires alignment of cognition, expression, and embodied action.",20,19,Parent III,"Zoroastrian moral cosmology stabilizes order through triadic alignment of thought, speech, and action.",Avesta; Boyce (Zoroastrianism),
245,Siberian Shamanic Three Cosmic Zones,Siberian (Evenki / Tungusic variants),Asia (North Asia),Traditional / Cultural,Upper Sky spirits | Middle Earth humans | Lower water/under spirits,I≈Sky; R≈Earth; Sem≈Underworld,Branching,Shamanic ascent/descent binds realms; disruption in one propagates ritual imbalance.,19,18,Parent II,Siberian shamanism encodes a vertically structured cosmos navigated through trance ascent and descent.,Eliade; Vitebsky (Siberian shamanism),
246,Māori Three Realms (Rangi–Papa–Te Pō),Māori (Aotearoa/New Zealand),Oceania (Polynesia),Traditional / Cultural,Rangi (Sky Father) | Papa (Earth Mother) | Te Pō (Primordial darkness/underworld),I≈Sky; R≈Earth; Sem≈Underworld,Gradient,Cosmic separation and genealogical continuity stabilize layered cosmology and ritual identity.,20,19,Parent I,Māori cosmology encodes vertical separation of sky and earth emerging from primordial darkness; genealogical continuity links realms.,Grey; Best (Māori mythology),
247,Samoan Tagaloa–Lagi–Lalo Triad,Samoa (Polynesia),Oceania (Polynesia),Traditional / Cultural,Tagaloa (Creator sky) | Lagi (Heavens) | Lalo (Underworld/sea depths),I≈Sky; R≈Heavens; Sem≈Underworld,Gradient,"Cosmological navigation between sky creation, layered heavens, and oceanic underworld maintains order.",18,17,Parent I,Samoan cosmology articulates a triadic vertical cosmos central to chiefly legitimacy and ritual narrative.,Turner; Krämer (Samoan traditions),
248,Tongan Pulotu–Langi–Fonua Triad,Tonga (Polynesia),Oceania (Polynesia),Traditional / Cultural,Pulotu (Ancestral spirit realm) | Langi (Heaven) | Fonua (Land/Earth),I≈Heaven; R≈Earth; Sem≈Ancestral realm,Branching,"Chiefly ritual binds heaven authority, earthly land, and ancestral continuity into a single legitimacy structure.",18,17,Parent II,"Tongan cosmology expresses triadic integration of land, sky authority, and ancestral realm in ritual kingship.",Gifford; Bott (Tongan mythology),
249,Fijian Kalou–Vanua–Bulu Triad,Fiji (Melanesia/Polynesia interface),Oceania (Melanesia),Traditional / Cultural,Kalou (Spirits) | Vanua (Land/people) | Bulu (Underworld/spirit land),I≈Spirits; R≈Land; Sem≈Underworld,Gradient,"Social and ecological order maintained through ritual exchange linking spirits, land community, and afterlife domain.",17,17,Parent I,"Fijian cosmology encodes reciprocal relation between spirit beings, land-based kinship, and the underworld domain.",Hocart; Ravuvu (Fijian cosmology),
250,Aboriginal Australian Sky–Earth–Dreaming Triad,Aboriginal Australia (Pan-regional pattern),Oceania (Australia),Traditional / Cultural,Sky ancestors | Earth country | Dreaming (ancestral time-law continuum),I≈Sky; R≈Earth; Sem≈Dreaming,Branching,"Dreaming narratives bind sky origins, terrestrial law, and ongoing ritual re-enactment into living cosmology.",20,18,Parent II,"Australian Aboriginal cosmologies encode triadic integration of sky beings, land-country law, and Dreaming continuity.",Stanner; Berndt (Australian Aboriginal religion),
251,Chuukese Sky–Sea–Underworld Navigation Triad,Chuuk (Micronesia),Oceania (Micronesia),Traditional / Cultural,Sky domain | Ocean surface world | Submarine/underworld spirits,I≈Sky; R≈Ocean; Sem≈Underworld,Gradient,"Navigation cosmology binds celestial orientation, sea voyaging, and spirit underworld into coherent system.",18,17,Parent I,"Micronesian navigation systems integrate sky knowledge, ocean practice, and spirit cosmology.",Gladwin; Lewis (Pacific navigation),
252,Yapese Heaven–Village–Spirit Land Triad,Yap (Micronesia),Oceania (Micronesia),Traditional / Cultural,Heavenly beings | Village social order | Spirit/ancestral land,I≈Heaven; R≈Village; Sem≈Spirit realm,Branching,Chiefly authority mediates cosmic and ancestral legitimacy within village structure.,17,17,Parent II,"Yapese cosmology and social order encode triadic legitimacy linking sky beings, land, and chiefly mediation.",Lessa; Petersen (Micronesian ethnography),
253,Hawaiian Kane–Ku–Lono Creator Triad,Hawaii (Polynesia),Oceania (Polynesia),Traditional / Cultural,Kane (creation) | Ku (structure/war) | Lono (fertility/peace),I≈Kane; R≈Ku; Sem≈Lono,Gradient,Creation narrative stabilizes political and ritual order through differentiated divine functions.,20,19,Parent I,Hawaiian theology articulates differentiated divine triad foundational to cosmology and governance.,Fornander; Beckwith (Hawaiian mythology),
254,Maori Atua–Tangata–Whenua Mediation Triad,Māori (Aotearoa),Oceania (Polynesia),Traditional / Cultural,Atua (gods) | Tangata (people) | Whenua (land),I≈Atua; R≈People; Sem≈Land,Torsional,"Genealogical descent and ritual bind divine origin, human community, and land stewardship.",19,18,Parent II,"Māori worldview encodes reciprocal binding between gods, people, and land.",Best; Mead (Māori religion),
255,Papua New Guinea Ancestral–Land–Spirit Triad,Papua New Guinea (Highlands pattern),Oceania (Melanesia),Traditional / Cultural,Ancestral spirits | Clan land | Ritual mediation,I≈Ancestral; R≈Land; Sem≈Ritual mediation,Gradient,"Land tenure, ancestor presence, and ritual exchange form stable social cosmology.",18,17,Parent I,"Melanesian cosmology integrates land, lineage ancestors, and ritual exchange into cohesive structure.",Strathern; Tuzin (PNG ethnography),
256,Kiribati Sky–Land–Sea Spirit Triad,Kiribati (Micronesia),Oceania (Micronesia),Traditional / Cultural,Sky spirits | Island land | Ocean depths/spirits,I≈Sky; R≈Land; Sem≈Sea spirits,Gradient,"Island cosmology integrates celestial authority, land survival, and oceanic spiritual mediation.",17,17,Parent I,"Kiribati cosmology encodes triadic balance between sky beings, land ecology, and ocean spirit domain.",Grimble (Gilbert Islands ethnography),
257,Solomon Islands Ancestral–Sea–Land Triad,Solomon Islands (Melanesia),Oceania (Melanesia),Traditional / Cultural,Ancestral spirits | Sea domain | Land/village domain,I≈Ancestors; R≈Sea; Sem≈Land,Branching,"Ritual and exchange maintain equilibrium between sea resources, land settlement, and ancestral authority.",18,17,Parent II,Melanesian cosmology binds ancestral authority with maritime and terrestrial survival systems.,Keesing; Hviding (Solomon Islands ethnography),
258,Tahiti Sky–Earth–Po (Darkness) Triad,Tahiti (Polynesia),Oceania (Polynesia),Traditional / Cultural,Sky realm | Earth realm | Po (primordial darkness),I≈Sky; R≈Earth; Sem≈Po,Branching,"Mythic genealogy stabilizes separation and continuity between light, earth life, and primordial origin.",19,18,Parent I,Tahiti cosmology encodes triadic structure emerging from primordial darkness into layered realms.,Henry; Handy (Polynesian mythology),
259,Vanuatu Spirit–Chief–Land Triad,Vanuatu (Melanesia),Oceania (Melanesia),Traditional / Cultural,Spirit beings | Chiefly authority | Clan land,I≈Spirits; R≈Chief; Sem≈Land,Branching,Political legitimacy and land tenure stabilized through spirit mediation and ritual hierarchy.,18,17,Parent II,"Vanuatu systems encode triadic mediation between spirit world, chiefly governance, and land structure.",Layard; Bonnemaison (Vanuatu ethnography),
260,Micronesian Celestial–Ocean–Island Navigation Triad,Caroline Islands (Micronesia),Oceania (Micronesia),Traditional / Cultural,Stars (celestial map) | Ocean swells | Island destinations,I≈Stars; R≈Ocean; Sem≈Island,Branching,"Voyaging coherence emerges from dynamic coupling of star paths, wave patterns, and landfall recognition.",20,19,Parent II,"Traditional Micronesian navigation encodes triadic dynamic coupling between celestial, oceanic, and terrestrial signals.",Lewis; Gladwin (Pacific navigation studies),
261,Vedic Three Worlds (Svarga–Prithvi–Patala),Ancient India (Vedic),Asia (South Asia),Traditional / Cultural,Svarga (Heaven) | Prithvi (Earth) | Patala (Underworld),I≈Heaven; R≈Earth; Sem≈Underworld,Gradient,Ritual and sacrificial mediation stabilize vertical cosmology and social order.,20,19,Parent I,Early Vedic cosmology encodes triadic vertical world structure foundational to ritual and kingship.,Rig Veda; Brahmanas,
262,Hindu Trimurti (Brahma–Vishnu–Shiva),India (Classical Hinduism),Asia (South Asia),Traditional / Cultural,Brahma (Creation) | Vishnu (Preservation) | Shiva (Dissolution),I≈Creation; R≈Preservation; Sem≈Dissolution,Branching,"Cosmic continuity maintained through cyclical creation, preservation, and destruction.",20,20,Parent II,Classical Hindu theology encodes dynamic cosmic cycle via differentiated divine functions.,Puranas; Mahabharata,
263,Buddhist Three Realms (Trailokya),South Asia (Early Buddhism),Asia (South Asia),Traditional / Cultural,Kamadhatu (Desire realm) | Rupadhatu (Form realm) | Arupadhatu (Formless realm),I≈Desire; R≈Form; Sem≈Formless,Gradient,Spiritual ascent structured across progressively refined ontological states.,20,19,Parent I,Early Buddhist cosmology articulates structured vertical ascent across three ontological realms.,Pali Canon; Abhidharma texts,
264,Sri Lankan Devalaya–Temple–Village Triad,Sri Lanka (Sinhala Buddhist),Asia (South Asia),Traditional / Cultural,Devalaya (Deity shrine) | Buddhist temple | Village order,I≈Deity; R≈Temple; Sem≈Village,Branching,"Religious, ritual, and civic layers stabilize rural cosmology and governance.",17,17,Parent I,"Sinhala ritual ecology integrates deity cults, Buddhist institutions, and village governance.",Gombrich; Obeyesekere,
265,Tamil Threefold Temple Axis (Gopuram–Sanctum–Mandala Court),South India (Tamil Shaiva/Vaishnava),Asia (South Asia),Traditional / Cultural,Gopuram (Gateway tower) | Garbhagriha (Inner sanctum) | Mandala courtyard,I≈Gateway; R≈Sanctum; Sem≈Courtyard,Branching,Spatial progression encodes cosmological ascent and ritual coherence.,19,18,Parent II,South Indian temple architecture encodes ritualized cosmology through triadic spatial sequencing.,Michell (Hindu Temple); Kramrisch,
266,Inuit Sky–Sea–Underworld Cosmology (Sila–Tariuq–Adlivun),Inuit (Arctic),Arctic / Subarctic,Traditional / Cultural,Sila (Sky/air spirit) | Tariuq (Sea domain) | Adlivun (Underworld/land of the dead),I≈Sky; R≈Sea; Sem≈Underworld,Gradient,"Shamanic mediation stabilizes ecological survival across sky, sea, and underworld domains.",19,18,Parent I,Inuit cosmology encodes vertical ecological interdependence central to subsistence and ritual.,Rasmussen; Boas (Inuit ethnography),
267,Inuit Sedna–Human–Animal Reciprocity Triad,Inuit (Arctic),Arctic / Subarctic,Traditional / Cultural,Sedna (Sea mother) | Human hunters | Marine animals,I≈Sedna; R≈Human; Sem≈Animals,Branching,Reciprocal taboos and ritual maintain marine resource stability and cosmological balance.,20,19,Parent II,"Arctic subsistence ecology encoded through triadic reciprocity between deity, humans, and prey.",Rasmussen; Oosten (Inuit religion),
268,Yupik Spirit–Human–Animal Transformation Triad,Yupik (Alaska),Arctic / Subarctic,Traditional / Cultural,Spirit world | Human community | Animal beings,I≈Spirit; R≈Human; Sem≈Animal,Torsional,"Mask rituals encode cyclical identity exchange between spirits, humans, and animals.",19,18,Parent II,Yupik ritual cosmology encodes fluid transformation across human and animal domains.,Fienup-Riordan (Yupik studies),
269,Chukchi Upper–Middle–Lower World Triad,Chukchi (Siberian Arctic),Arctic / Subarctic,Traditional / Cultural,Upper sky spirits | Middle human world | Lower chthonic beings,I≈Upper; R≈Middle; Sem≈Lower,Branching,Shamanic ascent/descent maintains structured cosmic balance.,18,17,Parent I,Chukchi cosmology encodes vertical layered cosmos accessed through trance travel.,Bogoras (Chukchi religion),
270,Saami Sky–Earth–Underworld Noaidi Triad,Saami (Northern Europe Arctic),Arctic / Subarctic,Traditional / Cultural,Sky realm | Earth realm | Underworld realm,I≈Sky; R≈Earth; Sem≈Underworld,Branching,Noaidi drum cosmology maps vertical tripartite universe guiding ritual and migration.,18,18,Parent I,Saami shamanic cosmology encodes triadic world model central to reindeer culture and ritual.,Rydving; Hultkrantz (Saami religion),
271,Kalaallit (Greenland Inuit) Sky–Sea–Ice Cosmology Triad,Kalaallit (Greenland Inuit),Arctic / Subarctic,Traditional / Cultural,Sky spirits | Sea mother domain | Ice/land human domain,I≈Sky; R≈Sea; Sem≈Ice-land,Gradient,"Ecological balance maintained across sky omens, marine access, and ice-bound survival systems.",18,18,Parent I,"Greenland Inuit cosmology integrates celestial signs, marine subsistence, and ice-land mediation.",Rasmussen; Thalbitzer,
272,Nenets Upper–Middle–Lower World Shamanic Triad,Nenets (Siberian Arctic),Arctic / Subarctic,Traditional / Cultural,Upper sky deities | Human tundra world | Underworld spirits,I≈Upper; R≈Human; Sem≈Lower,Branching,Reindeer migration and ritual maintain cosmological layering and ecological coherence.,18,17,Parent I,Nenets cosmology encodes tripartite vertical structure accessed through shamanic mediation.,Golovnev; Hultkrantz,
273,Evenki Sky–Forest–Underworld Spirit Triad,Evenki (Siberian Subarctic),Arctic / Subarctic,Traditional / Cultural,Sky spirits | Forest-human domain | Underworld beings,I≈Sky; R≈Forest-human; Sem≈Underworld,Branching,Hunting taboos and trance travel maintain balance across layered cosmology.,18,18,Parent II,Evenki shamanism integrates forest ecology with vertical spirit cosmology.,Vasilevich; Eliade,
274,Aleut Sea–Sky–Land Reciprocity Triad,Aleut (Unangan),Arctic / Subarctic,Traditional / Cultural,Sea spirits | Sky omens | Island land community,I≈Sea; R≈Sky; Sem≈Land,Branching,"Marine hunting rituals bind sky signs, sea beings, and island settlement coherence.",17,17,Parent II,Aleut cosmology encodes triadic ecological reciprocity central to marine survival.,Veniaminov; Black (Aleut ethnography),
275,Tlingit Raven–Human–Spirit Realm Mediation Triad,Tlingit (Northwest Coast / Subarctic interface),Arctic / Subarctic,Traditional / Cultural,Raven culture hero | Human clan society | Spirit world,I≈Raven; R≈Human; Sem≈Spirit realm,Gradient,"Mythic mediation stabilizes clan law, ecological ethics, and spirit reciprocity.",19,18,Parent I,Tlingit cosmology integrates mythic origin figure with clan structure and spirit ecology.,Boas; de Laguna,
276,Turkic Tengri–Yer–Erlik Cosmic Triad,Turkic (Central Asia),Asia (Central Asia),Traditional / Cultural,Tengri (Sky) | Yer (Earth) | Erlik (Underworld),I≈Sky; R≈Earth; Sem≈Underworld,Gradient,Steppe cosmology stabilizes rule and ecology through vertical sky–earth–underworld mediation.,19,18,Parent I,Early Turkic cosmology encodes tripartite vertical structure foundational to khagan legitimacy.,Orkhon inscriptions; Roux,
277,Kazakh Three Zhuz Confederation Structure,Kazakh (Steppe Confederation),Asia (Central Asia),Traditional / Cultural,Great Zhuz | Middle Zhuz | Little Zhuz,I≈Great; R≈Middle; Sem≈Little,Branching,Segmented tribal federation stabilized through triadic confederation balancing regional authority.,18,18,Parent III,Kazakh political organization structured through three major tribal confederations.,Olcott; Khazanov,
278,Uyghur Sky–Manichaean Light–Earth Triad,Uyghur (Turkic-Manichaean period),Asia (Central Asia),Traditional / Cultural,Heavenly Sky | Realm of Light | Earthly domain,I≈Sky; R≈Light; Sem≈Earth,Torsional,Syncretic cosmology integrates Tengri sky authority with Manichaean dual-light mediation.,17,17,Parent II,Uyghur imperial religion integrated Turkic sky cosmology with Manichaean light doctrine.,Clark; Bira,
279,Mongol Eternal Blue Sky–Earth–People Triad,Mongol (Imperial Period),Asia (Central Asia),Traditional / Cultural,Eternal Blue Sky | Earth | Mongol people,I≈Sky; R≈Earth; Sem≈People,Branching,"Imperial legitimacy derived from alignment between sky mandate, land dominion, and clan unity.",19,19,Parent II,Mongol imperial ideology grounded in triadic sky–earth–people legitimacy.,Secret History of the Mongols; Roux,
280,Kyrgyz Three Tribal Wings Structure,Kyrgyz (Steppe Confederation),Asia (Central Asia),Traditional / Cultural,Right Wing | Left Wing | Center,I≈Right; R≈Left; Sem≈Center,Branching,Military-political order structured through three winged segmentation balancing authority.,17,17,Parent III,Kyrgyz tribal organization articulated through three structural divisions.,Saray; Abramzon,
281,Scythian Sky–Fire–Earth Royal Triad,Scythian (Eurasian Steppe),Asia (Central Asia),Traditional / Cultural,Sky deity | Sacred fire | Earth/tribal domain,I≈Sky; R≈Fire; Sem≈Earth,Branching,"Royal authority stabilized through sky mandate, ritual fire mediation, and tribal land cohesion.",18,17,Parent I,Scythian religious structure integrates sky cult and fire ritual within tribal land order.,Herodotus; Rolle,
282,Sogdian Heaven–Temple–City Triad,Sogdian (Transoxiana),Asia (Central Asia),Traditional / Cultural,Heavenly order | Fire temple | Mercantile city-state,I≈Heaven; R≈Temple; Sem≈City,Gradient,Trade-state cohesion maintained through sacred fire institutions mediating divine and civic order.,18,18,Parent I,Sogdian urban religion integrates Zoroastrian fire cult with mercantile civic structure.,Grenet; Sims-Williams,
283,Buryat Upper–Middle–Lower World Shamanic Triad,Buryat (Mongolic Siberia),Asia (Central Asia),Traditional / Cultural,Upper sky spirits | Middle human world | Lower underworld spirits,I≈Upper; R≈Middle; Sem≈Lower,Torsional,Drum cosmology encodes ascent/descent binding vertical realms into ritual coherence.,19,18,Parent II,Buryat shamanic cosmology articulates tripartite vertical universe central to ritual practice.,Humphrey; Eliade,
284,Khazar Khagan–Bek–Tribal Assembly Triad,Khazar (Steppe Polity),Asia (Central Asia),Traditional / Cultural,Sacral Khagan | Military Bek | Tribal council,I≈Khagan; R≈Bek; Sem≈Assembly,Branching,Dual rulership and council structure stabilize steppe imperial governance.,17,17,Parent III,"Khazar political system structured through sacral ruler, executive authority, and tribal representation.",Golden; Brook,
285,Altai World Mountain–Sky–Underworld Triad,Altai (Turkic-Mongolic),Asia (Central Asia),Traditional / Cultural,Sacred mountain axis | Sky realm | Underworld realm,I≈Mountain; R≈Sky; Sem≈Underworld,Gradient,Axis mundi mountain mediates celestial and chthonic forces within clan cosmology.,18,18,Parent I,Altai cosmology centers on sacred mountain as mediator of sky and underworld domains.,Potapov; Roux,
286,Georgian Mtis Deda–Village–Underworld Triad,Georgia (Highland traditions),Caucasus,Traditional / Cultural,Mountain Mother (Mti) | Village community | Underworld spirits,I≈Mountain; R≈Village; Sem≈Underworld,Gradient,"Highland ritual ecology stabilizes sacred mountain authority, village law, and chthonic forces.",17,17,Parent I,"Georgian highland cosmology integrates sacred mountain, village structure, and underworld mediation.",Charachidzé; Tuite,
287,Armenian Aramazd–Anahit–Vahagn Divine Triad,Armenian (Pre-Christian),Caucasus,Traditional / Cultural,Aramazd (Sky/Father) | Anahit (Fertility/Mother) | Vahagn (War/Fire),I≈Sky; R≈Fertility; Sem≈Fire/War,Torsional,"Royal theology binds sky authority, fertility continuity, and martial defense.",19,18,Parent II,Pre-Christian Armenian pantheon structured through differentiated divine triad.,Agathangelos; Russell,
288,Circassian Upper–Middle–Lower World Triad,Circassian (North Caucasus),Caucasus,Traditional / Cultural,Upper celestial realm | Human clan world | Lower spirit realm,I≈Upper; R≈Middle; Sem≈Lower,Branching,Nart epic tradition encodes layered cosmology accessed through heroic mediation.,18,17,Parent I,Circassian Nart sagas articulate vertical cosmology binding clan and spirit worlds.,Colarusso; Dumézil,
289,Chechen Tusholi–People–Underworld Reciprocity Triad,Chechen (Vainakh traditions),Caucasus,Traditional / Cultural,Tusholi (Fertility deity) | Clan society | Underworld spirits,I≈Deity; R≈Clan; Sem≈Underworld,Torsional,"Clan ritual balances fertility, social law, and ancestral-spirit obligations.",17,17,Parent II,"Vainakh cosmology encodes triadic reciprocity between deity, clan structure, and spirit realm.",Anchabadze; Sokirianski,
290,Ossetian Sky–Fire–Heroic Mediation Triad,Ossetian (Nart epic tradition),Caucasus,Traditional / Cultural,Sky deity | Sacred fire | Heroic mediator,I≈Sky; R≈Fire; Sem≈Hero,Branching,"Nart heroic cycle stabilizes divine, elemental, and human heroic realms.",18,18,Parent I,"Ossetian Nart tradition encodes triadic linkage of sky authority, sacred fire, and heroic lineage.",Dumézil; Colarusso,
291,Aksumite Heaven–King–Earth Mandate Triad,Ethiopia/Eritrea (Aksumite),Africa (Horn of Africa),Traditional / Cultural,Heavenly authority | King (negus) | Land/people,I≈Heaven; R≈King; Sem≈Land/people,Torsional,"Legitimacy maintained through alignment of divine authority, royal mediation, and territorial stewardship.",18,18,Parent II,"Imperial mandate structure binds divine authority, sacral kingship, and land-people stewardship.",Aksumite inscriptions; Munro-Hay,
292,Somali Xeer–Elders–Dia-Payment Governance Triad,Somali (Horn of Africa),Africa (Horn of Africa),Traditional / Cultural,Xeer customary law | Council of elders | Dia-paying group (collective liability),I≈Law; R≈Elders; Sem≈Dia group,Branching,"Conflict resolution stabilized through law norms, elder arbitration, and collective compensation structure.",19,19,Parent III,"Somali customary governance encodes triadic legal operation: norms, arbitration, and enforcement via collective liability.",Lewis (Somali); Gundel (xeer studies),
293,Oromo Gadaa Generation–Council–Law Triad,Oromo (Ethiopia),Africa (Horn of Africa),Traditional / Cultural,Age-set generation cycle | Council/assembly | Seera (law),I≈Generation; R≈Council; Sem≈Law,Branching,"Governance continuity maintained through rotational age-set succession, deliberation, and codified law.",20,20,Parent III,"Oromo Gadaa system structures governance via rotating cohorts, deliberative councils, and normative law.",Asmarom Legesse; Oromo Gadaa ethnography,
294,Mali Empire Mansa–Council–Provinces Triad,Mali (Sahel),Africa (Sahel),Traditional / Cultural,Mansa (sovereign) | Council of notables | Provincial chiefs,I≈Mansa; R≈Council; Sem≈Provinces,Branching,"Imperial stability maintained through sovereign mandate, deliberative counsel, and delegated provincial authority.",18,18,Parent III,"Sahelian imperial governance encoded through sovereign center, advisory council, and distributed provincial structure.",Ibn Khaldun; Niane (Mali),
295,Hausa Emirate Emir–Sharia–Market Order Triad,Hausa (Northern Nigeria / Sahel interface),Africa (Sahel),Traditional / Cultural,Emir authority | Sharia/legal scholars | Market guild order,I≈Emir; R≈Law; Sem≈Market,Branching,"Urban stability maintained through ruler authority, legal-religious constraint, and regulated exchange systems.",18,17,Parent II,"Hausa city-state governance binds political authority, legal constraint, and market regulation into civic coherence.",Last (Sokoto/Hausa); Hausa emirate studies,
296,Songhai Askia–Islamic Law–Provincial Command Triad,Songhai (Sahel),Africa (Sahel),Traditional / Cultural,Askia ruler | Islamic jurists | Provincial governors,I≈Ruler; R≈Law; Sem≈Province,Branching,"Imperial coherence maintained through sovereign authority, juristic oversight, and delegated provincial governance.",18,18,Parent III,"Songhai imperial administration structured through ruler, legal authority, and territorial delegation.",Tarikh al-Fattash; Hunwick,
297,Tuareg Amenokal–Clan Confederation–Trade Network Triad,Tuareg (Central Sahara/Sahel),Africa (Sahel),Traditional / Cultural,Amenokal leader | Clan confederations | Trans-Saharan trade routes,I≈Leader; R≈Clan; Sem≈Trade network,Branching,"Confederation stability maintained through leadership mediation, clan alignment, and caravan trade integration.",19,18,Parent II,"Tuareg political order binds leadership, lineage confederation, and long-distance trade corridors.",Nicolaisen; Keenan (Tuareg studies),
298,Kanem-Bornu Sacred Kingship–Warrior Elite–Islamic Scholarship Triad,Kanem-Bornu (Central Sahel),Africa (Sahel),Traditional / Cultural,Sacral king (Mai) | Warrior aristocracy | Islamic scholars,I≈King; R≈Warriors; Sem≈Scholars,Torsional,"Dynastic continuity maintained through sacral authority, military enforcement, and religious legitimization.",18,18,Parent II,"Kanem-Bornu state stability structured through sacral monarchy, elite warriors, and Islamic intellectual authority.",Palmer (Bornu); Lange,
299,Afar Sultan–Clan Elders–Pastoral Territory Triad,Afar (Horn of Africa),Africa (Horn of Africa),Traditional / Cultural,Sultan | Clan elders | Grazing territories,I≈Sultan; R≈Elders; Sem≈Territory,Branching,"Pastoral governance maintained through sovereign mediation, elder arbitration, and territorial management.",17,17,Parent III,"Afar governance integrates sultan authority, lineage councils, and control of grazing landscapes.",Lewis; Afar ethnography,
300,Tigray Sacred Covenant–Ark Tradition–Monastic Authority Triad,Tigray (Ethiopian Highlands),Africa (Horn of Africa),Traditional / Cultural,Sacred covenant | Ark tradition | Monastic guardianship,I≈Covenant; R≈Ark tradition; Sem≈Monastic authority,Branching,"Religious continuity sustained through covenant theology, sacred object mediation, and monastic custodianship.",18,17,Parent I,Highland Ethiopian religio-political identity structured through covenantal theology and monastic guardianship.,Kebra Nagast; Kaplan (Ethiopian church studies),
301,Funj Sultanate Sultan–Ulama–Riverine Province Triad,Funj (Sudan / Blue Nile),Africa (Sahel/Nile Corridor),Traditional / Cultural,Sultan | Ulama (Islamic scholars) | Riverine provinces,I≈Sultan; R≈Ulama; Sem≈Province,Branching,"Political continuity sustained through ruler authority, juristic mediation, and Nile-based territorial integration.",17,17,Parent II,"Funj governance integrates sacral kingship, Islamic scholarship, and riverine territorial administration.",Spaulding (Funj); Sudanese chronicles,
302,Dinka Cattle–Lineage–Spirit Mediation Triad,Dinka (South Sudan),Africa (Nile Corridor),Traditional / Cultural,Cattle wealth | Lineage structure | Ancestral spirit mediation,I≈Cattle; R≈Lineage; Sem≈Spirit mediation,Branching,"Social coherence maintained through cattle economy, lineage segmentation, and ritual spirit mediation.",19,19,Parent I,"Dinka society structures economy, kinship, and cosmology through cattle-centered lineage mediation.",Evans-Pritchard; Deng,
303,Nuer Segmentary Lineage–Prophet–Cattle Exchange Triad,Nuer (South Sudan),Africa (Nile Corridor),Traditional / Cultural,Segmentary lineage | Prophet authority | Cattle bridewealth exchange,I≈Lineage; R≈Prophet; Sem≈Exchange,Branching,"Political elasticity sustained through lineage branching, charismatic prophet mediation, and cattle-based exchange networks.",20,20,Parent III,Nuer political order operates through branching lineage segments stabilized by ritual leadership and exchange.,Evans-Pritchard (Nuer); Hutchinson,
304,Wolof Buur–Council–Age-Grade Triad,Wolof (Senegambia),Africa (Sahel/West Africa interface),Traditional / Cultural,Buur (king) | Noble council | Age-grade cohorts,I≈King; R≈Council; Sem≈Age-grade,Branching,"Kingdom stability maintained through royal authority, elite counsel, and age-based civic integration.",17,17,Parent III,"Wolof polity integrates kingship, aristocratic counsel, and generational civic structure.",Barry; Klein (Senegambia studies),
305,Sennar Trade–Scholar–Sufi Lodge Triad,Sennar (Sudan),Africa (Nile Corridor),Traditional / Cultural,Caravan trade networks | Islamic scholars | Sufi lodges,I≈Trade; R≈Scholars; Sem≈Sufi lodge,Branching,"Urban-religious coherence maintained through commercial exchange, juristic oversight, and Sufi institutional mediation.",17,17,Parent II,"Sennar urban culture binds trade economy, scholarship, and Sufi institutional networks.",O'Fahey; Sudanese Islamic studies,
306,Khmer Devaraja–Temple Axis–Irrigation Cosmology Triad,Khmer (Cambodia),Asia (Southeast Asia Mainland),Traditional / Cultural,Devaraja (god-king) | Temple mountain axis | Hydraulic irrigation system,I≈Kingship; R≈Temple axis; Sem≈Hydraulic network,Branching,"Imperial coherence maintained through sacral kingship, cosmographic temple alignment, and water management integration.",20,19,Parent II,"Angkorian state integrates sacral monarchy, cosmic architecture, and irrigation infrastructure into civilizational stability.",Coedes; Chandler; Angkor epigraphy,
307,Burmese Nat–Sangha–Kingship Mediation Triad,Bamar (Myanmar),Asia (Southeast Asia Mainland),Traditional / Cultural,Nat spirit cult | Buddhist Sangha | Royal authority,I≈Spirit cult; R≈Sangha; Sem≈Kingship,Branching,"Religious-political order stabilized through spirit propitiation, monastic mediation, and royal patronage.",18,18,Parent I,"Myanmar cosmopolitics integrates indigenous spirit worship, Buddhist monastic order, and royal governance.",Spiro; Aung-Thwin,
308,Thai Mandala King–Muang–Tributary Network Triad,Thai (Sukhothai/Ayutthaya),Asia (Southeast Asia Mainland),Traditional / Cultural,Dhammaraja king | Muang city-state | Tributary periphery,I≈King; R≈Muang; Sem≈Tributary network,Branching,"Political coherence maintained through central kingly virtue, semi-autonomous city networks, and tributary alignment.",19,18,Parent III,Southeast Asian mandala polity structured via center-periphery branching sovereignty.,Tambiah; Wyatt,
309,Cham Sea–Temple–Trade Confederation Triad,Cham (Central Vietnam),Asia (Southeast Asia Mainland),Traditional / Cultural,Maritime routes | Temple cult centers | Trade guild networks,I≈Sea routes; R≈Temple; Sem≈Guild network,Branching,"Maritime polity sustained through sea connectivity, ritual centers, and mercantile coordination.",17,17,Parent II,"Cham civilization integrates maritime corridors, temple authority, and merchant confederation.",Hall; Po Dharma,
310,Lao Phi–Monk–Village Council Triad,Lao (Laos),Asia (Southeast Asia Mainland),Traditional / Cultural,Phi ancestral spirits | Buddhist monks | Village council elders,I≈Spirits; R≈Monks; Sem≈Council,Branching,"Village coherence maintained through spirit rites, monastic ritual mediation, and elder governance.",17,17,Parent I,"Lao local order integrates animist cosmology, Theravada mediation, and communal decision-making.",Evans (Laos); Tambiah,
311,Mongol Kurultai–Khan–Ulus Confederation Triad,Mongol (Central Asia),Asia (Central Asia),Traditional / Cultural,Kurultai assembly | Great Khan | Ulus territorial divisions,I≈Assembly; R≈Khan; Sem≈Ulus,Branching,"Imperial legitimacy sustained through assembly ratification, sovereign command, and ulus territorial delegation.",20,20,Parent III,"Mongol imperial governance structured via elective assembly, supreme khan, and distributed ulus domains.",Secret History of the Mongols; Allsen,
312,Turkic Khagan–Bey–Tribal Confederation Triad,Göktürk / Early Turkic,Asia (Central Asia),Traditional / Cultural,Khagan | Bey (tribal leader) | Tribal confederation,I≈Khagan; R≈Bey; Sem≈Confederation,Branching,"Steppe sovereignty maintained through supreme khagan authority, subordinate tribal leadership, and confederative alignment.",19,18,Parent III,Early Turkic polities balanced central khagan rule with distributed tribal confederations.,Orkhon inscriptions; Golden,
313,Scythian King–Warrior Elite–Horse Economy Triad,Scythian (Eurasian Steppe),Asia (Central Asia),Traditional / Cultural,Sacral king | Warrior aristocracy | Horse pastoral economy,I≈King; R≈Warriors; Sem≈Horse economy,Torsional,"Nomadic coherence sustained through sacral kingship, mounted warrior elites, and equine pastoral infrastructure.",18,18,Parent II,"Scythian steppe order integrated sacral monarchy, martial aristocracy, and horse-centered economy.",Herodotus; Rolle,
314,Sogdian Trade–Temple–Caravan Triad,Sogdian (Transoxiana),Asia (Central Asia),Traditional / Cultural,Merchant houses | Temple institutions | Caravan networks,I≈Merchant; R≈Temple; Sem≈Caravan,Torsional,"Silk Road coherence maintained through mercantile houses, temple legitimacy, and caravan trade corridors.",19,18,Parent II,"Sogdian civilization integrated trade diasporas, temple authority, and Silk Road caravan systems.",de la Vaissière; Sogdian letters,
315,Kazakh Zhuz–Bi Court–Nomadic Territory Triad (Expanded Formalization),Kazakh (Steppe Confederation),Asia (Central Asia),Traditional / Cultural,Zhuz confederation | Bi judicial councils | Seasonal nomadic territories,I≈Zhuz; R≈Bi court; Sem≈Territory,Branching,"Confederation stability maintained through zhuz segmentation, judicial mediation, and territorial migration cycles.",20,19,Parent III,"Kazakh political order structured via confederative zhuz divisions, customary courts, and migratory territorial governance.",Khazanov; Olcott,
316,Angkor Baray–Temple–Rice Cycle Hydraulic Triad,Khmer (Angkor),Asia (Southeast Asia Mainland),Traditional / Cultural,Baray reservoirs | Temple ritual centers | Seasonal rice cycle,I≈Water storage; R≈Temple; Sem≈Agrarian cycle,Torsional,"Civilizational continuity maintained through hydraulic engineering, ritual legitimation, and agricultural synchronization.",20,19,Parent II,"Angkorian state stability rested on water reservoirs, temple cosmology, and monsoon rice cycles.",Fletcher; Groslier; Angkor archaeology,
317,Pagan Merit–Monastery–Royal Patronage Triad,Bamar (Pagan Kingdom),Asia (Southeast Asia Mainland),Traditional / Cultural,Merit-making laity | Monastic sangha | Royal patronage,I≈Merit economy; R≈Sangha; Sem≈Kingship patronage,Branching,"Religious polity stabilized through lay merit flows, monastic mediation, and royal sponsorship.",18,18,Parent I,"Pagan-era Burma integrated merit economy, sangha structure, and royal authority into civil cohesion.",Aung-Thwin; Spiro,
318,Lan Xang King–Sangha–Village Muang Triad,Lao (Lan Xang),Asia (Southeast Asia Mainland),Traditional / Cultural,Dhammaraja king | Monastic sangha | Muang village network,I≈King; R≈Sangha; Sem≈Muang network,Branching,"Territorial cohesion maintained through kingly virtue, monastic authority, and distributed muang units.",18,18,Parent III,Lan Xang polity structured sovereignty through virtuous kingship and decentralized muang governance.,Evans; Stuart-Fox,
319,Ayutthaya Palace–Temple–Port Trade Triad,Thai (Ayutthaya),Asia (Southeast Asia Mainland),Traditional / Cultural,Royal palace court | Temple institutions | Maritime port trade,I≈Court; R≈Temple; Sem≈Trade port,Torsional,"Urban power stabilized through royal bureaucracy, Buddhist legitimation, and maritime trade integration.",19,18,Parent II,"Ayutthaya integrated court administration, temple authority, and Indian Ocean trade networks.",Wyatt; Baker & Phongpaichit,
320,Champa Sacred Mountain–Sea Trade–Clan Polity Triad,Cham (Champa),Asia (Southeast Asia Mainland),Traditional / Cultural,Sacred mountain temples | Maritime trade routes | Clan-based polity,I≈Temple; R≈Trade; Sem≈Clan polity,Branching,"Regional stability maintained through sacred geography, sea trade connectivity, and clan governance.",18,17,Parent III,"Champa civilization balanced sacred mountain cults, maritime exchange, and lineage governance.",Po Dharma; Hall,
321,Barangay Datu–Council–Kinship Alliance Triad,Precolonial Tagalog/Visayan,Asia (Philippines),Traditional / Cultural,Datu (chief) | Council of elders | Inter-kinship alliances,I≈Datu; R≈Council; Sem≈Alliance network,Branching,"Local governance stabilized through chieftain leadership, elder deliberation, and inter-barangay kin alliances.",19,19,Parent III,Barangay political structure balanced chief authority with council governance and alliance-building.,Scott (Barangay); Junker,
322,Ifugao Rice Terrace–Ancestor Ritual–Clan Labor Triad,Ifugao (Cordillera),Asia (Philippines),Traditional / Cultural,Terraced rice agriculture | Ancestor ritual cycles | Clan cooperative labor,I≈Agriculture; R≈Ritual; Sem≈Clan labor,Branching,"Ecological continuity sustained through terrace engineering, ritual calendrics, and cooperative kin labor.",20,20,Parent II,"Ifugao society integrates engineered agriculture, ritual timing, and clan labor obligations.",Conklin; Barton,
323,Maranao Sultan–Ulama–Royal Clan Confederation Triad,Maranao (Mindanao),Asia (Philippines),Traditional / Cultural,Sultan authority | Islamic scholars (ulama) | Royal clan networks,I≈Sultan; R≈Ulama; Sem≈Clan confederation,Branching,"Political continuity maintained through sultanate authority, religious oversight, and clan confederation structure.",18,18,Parent III,"Maranao polity integrates Islamic authority, sultan leadership, and clan-based territorial structure.",Majul; Cadar,
324,Visayan Timawa–Datu–Alipin Social Stratification Triad,Precolonial Visayan,Asia (Philippines),Traditional / Cultural,Datu nobility | Timawa warrior-freemen | Alipin dependent class,I≈Nobility; R≈Warrior-freemen; Sem≈Dependent class,Gradient,"Social order maintained through stratified hierarchy integrating nobility, warrior status, and dependent labor.",18,17,Parent I,Visayan society structured social coherence through tripartite stratification.,Scott (Barangay); Alcina chronicles,
325,Tagalog Bathala–Anito–Babaylan Ritual Mediation Triad,Precolonial Tagalog,Asia (Philippines),Traditional / Cultural,Bathala supreme deity | Anito ancestral spirits | Babaylan ritual specialist,I≈Deity; R≈Spirits; Sem≈Ritual mediator,Gradient,"Cosmic mediation stabilized through supreme deity, ancestral spirits, and ritual specialists.",18,18,Parent I,"Tagalog cosmology integrates supreme deity, spirit world, and priestly mediation.",Plasencia; Scott,
326,Tausug Sultan–Ruma Bichara–Trade Network Triad,Tausug (Sulu Sultanate),Asia (Philippines),Traditional / Cultural,Sultan authority | Ruma Bichara council | Maritime trade network,I≈Sultan; R≈Council; Sem≈Trade,Branching,"Sultanate stability maintained through sovereign authority, advisory council mediation, and maritime trade integration.",19,19,Parent II,"Sulu Sultanate governance integrated royal authority, consultative council, and sea-based commerce.",Majul; Warren,
327,Kalinga Peace Pact–Elder Mediation–Territorial Exchange Triad,Kalinga (Cordillera),Asia (Philippines),Traditional / Cultural,Peace pact (bodong) | Elder negotiators | Inter-village exchange,I≈Pact; R≈Elders; Sem≈Exchange,Branching,"Intergroup stability sustained through formal peace pacts, elder negotiation, and reciprocal exchange systems.",20,19,Parent III,Kalinga bodong system structured conflict resolution and alliance networks.,Benedict; Dozier,
328,Bicol Epic Hero–Deity–Community Reciprocity Triad,Bicolano,Asia (Philippines),Traditional / Cultural,Epic hero figure | Deity mediation | Community reciprocity,I≈Hero; R≈Deity; Sem≈Community,Gradient,"Mythic-social coherence maintained through heroic mediation, divine intervention, and communal reciprocity.",17,17,Parent I,Bicol epic cycles encode social norms via hero-deity-community triads.,Eugenio; Jocano,
329,Mangyan Spirit–Elder–Forest Territory Triad,Mangyan (Mindoro),Asia (Philippines),Traditional / Cultural,Nature spirits | Council of elders | Forest territory stewardship,I≈Spirits; R≈Elders; Sem≈Territory,Branching,"Ecological balance sustained through spirit cosmology, elder governance, and territorial stewardship.",18,18,Parent I,"Mangyan social ecology integrates animist belief, elder authority, and forest management.",Fox; Conklin comparative work,
330,Ibaloi Gold–Ancestor Ritual–Clan Prestige Triad,Ibaloi (Cordillera),Asia (Philippines),Traditional / Cultural,Gold wealth | Ancestor ritual feasts | Clan prestige hierarchy,I≈Wealth; R≈Ritual; Sem≈Prestige order,Branching,"Social ranking stabilized through mineral wealth, ritual expenditure, and prestige circulation.",18,18,Parent II,"Ibaloi society integrated gold economy, mortuary ritual, and prestige hierarchy.",Scott; Caballero,
331,Tupi-Guarani Village Chief–Shaman–War Band Triad,Tupi-Guarani (Amazon Basin),Americas (Amazonia),Traditional / Cultural,Village chief | Shamanic mediator | War/raiding band,I≈Chief; R≈Shaman; Sem≈War band,Torsional,"Village stability maintained through political leadership, ritual mediation, and martial organization.",19,19,Parent II,"Tupi-Guarani social order integrates chieftaincy, shamanic authority, and war-band structure.",Viveiros de Castro; Fernandes,
332,Yanomami Shabono–Headman–Alliance Exchange Triad,Yanomami (Upper Orinoco/Amazon),Americas (Amazonia),Traditional / Cultural,Shabono communal house | Headman authority | Inter-village alliance exchange,I≈House; R≈Headman; Sem≈Alliance,Branching,"Village coherence sustained through communal habitation, headman mediation, and alliance networks.",20,19,Parent III,"Yanomami society structured via communal architecture, charismatic leadership, and alliance exchange cycles.",Chagnon; Albert,
333,Kayapo Men’s House–Age Set–Ritual Exchange Triad,Kayapo (Brazilian Amazon),Americas (Amazonia),Traditional / Cultural,Men’s ceremonial house | Age-set cohorts | Ritual gift exchange,I≈Ceremonial house; R≈Age-set; Sem≈Exchange,Branching,"Social reproduction stabilized through ceremonial center, generational structuring, and ritualized exchange.",19,18,Parent II,"Kayapo society integrates ceremonial architecture, age-sets, and exchange ritual systems.",Turner; Lea,
334,Shipibo Cosmic Axis–Shaman–Plant Knowledge Triad,Shipibo-Conibo (Peruvian Amazon),Americas (Amazonia),Traditional / Cultural,Cosmic axis worldview | Shamanic healer | Plant medicine knowledge,I≈Cosmic axis; R≈Shaman; Sem≈Plant knowledge,Gradient,"Cosmological coherence maintained through axis cosmology, shaman mediation, and botanical knowledge transmission.",18,18,Parent I,"Shipibo cosmology integrates sacred geometry, shamanic mediation, and plant-based epistemology.",Gebhart-Sayer; Luna,
335,Tukano Language–Exogamy–River Territory Triad,Tukano (Northwest Amazon),Americas (Amazonia),Traditional / Cultural,Linguistic exogamy system | Riverine territory | Clan marriage exchange,I≈Language; R≈River territory; Sem≈Marriage exchange,Branching,"Regional stability maintained through language-based exogamy, river territoriality, and marriage alliance networks.",20,20,Parent III,"Tukano social order integrates linguistic identity, river ecology, and structured exogamous exchange.",Jackson; Chernela,
336,Arawak Trade–Village Chief–Ritual Feast Triad,Arawak (Amazon Basin),Americas (Amazonia),Traditional / Cultural,Regional trade exchange | Village chief | Ritual feast redistribution,I≈Trade; R≈Chief; Sem≈Feast redistribution,Branching,"Inter-village stability maintained through exchange networks, political leadership, and ritual redistribution.",19,18,Parent II,"Arawak regional systems integrated trade, chieftain authority, and ceremonial redistribution.",Whitehead; Santos-Granero,
337,Ashaninka Warrior–Shaman–Forest Territory Triad,Ashaninka (Western Amazon),Americas (Amazonia),Traditional / Cultural,Warrior leadership | Shamanic mediation | Forest territorial domain,I≈Warrior; R≈Shaman; Sem≈Territory,Gradient,"Community coherence sustained through martial defense, ritual healing, and forest territorial stewardship.",18,18,Parent I,"Ashaninka social order balances defense, spiritual authority, and forest ecology.",Varese; Brown & Fernandez,
338,Wari’ Ancestor–Feast–Alliance Cycle Triad,Wari’ (Rondônia),Americas (Amazonia),Traditional / Cultural,Ancestor relations | Ritual feasting | Intergroup alliance,I≈Ancestor; R≈Feast; Sem≈Alliance,Branching,"Alliance cycles maintained through mortuary ritual, feast exchange, and intergroup diplomacy.",18,17,Parent II,Wari’ society integrates mortuary ritual and alliance diplomacy through ceremonial exchange.,Vilaça; Conklin comparative Amazonian studies,
339,Huitoto Maloca–Clan–Mythic Narrative Triad,Huitoto (Northwest Amazon),Americas (Amazonia),Traditional / Cultural,Maloca communal house | Clan structure | Mythic narrative transmission,I≈Maloca; R≈Clan; Sem≈Myth,Branching,"Community continuity maintained through communal architecture, clan segmentation, and narrative cosmology.",19,18,Parent III,"Huitoto social life centers on communal house structure, lineage organization, and mythic teaching cycles.",Urbina; Gasché,
340,Desana Cosmos–River–Ritual Exchange Triad,Desana (Northwest Amazon),Americas (Amazonia),Traditional / Cultural,Cosmic origin myth | River territorial system | Ritual exchange network,I≈Cosmos; R≈River; Sem≈Exchange,Branching,"Territorial coherence sustained through cosmological mapping, riverine identity, and ceremonial exchange cycles.",19,19,Parent I,"Desana cosmology encodes river geography, mythic origin, and exchange obligations.",Reichel-Dolmatoff,
341,Buganda Kabaka–Clan Chiefs–Lake Trade Triad,Buganda (Great Lakes),Africa (Great Lakes),Traditional / Cultural,Kabaka king | Clan chief structure | Lake trade networks,I≈King; R≈Clan; Sem≈Trade,Branching,"Political stability maintained through royal authority, clan segmentation, and trade integration.",19,18,Parent III,"Buganda governance integrates sacred kingship, clan structure, and lacustrine commerce.",Reid; Apter,
342,Rwanda Mwami–Tutsi Cattle Elite–Hutu Agrarian Base Triad,Rwanda (Great Lakes),Africa (Great Lakes),Traditional / Cultural,Mwami monarch | Pastoral elite | Agrarian cultivators,I≈King; R≈Pastoral elite; Sem≈Agrarian base,Branching,Hierarchical stability structured through monarchic authority and dual cattle-agricultural economy.,18,18,Parent I,Rwandan polity structured authority and economy through pastoral–agrarian stratification.,Newbury,
343,Luba Sacred King–Spirit Medium–Territorial Shrine Triad,Luba (Central Africa),Africa (Central Africa),Traditional / Cultural,Sacral king | Spirit medium | Territorial shrine network,I≈King; R≈Medium; Sem≈Shrine network,Torsional,Dynastic legitimacy maintained through ritual mediation and shrine-based territorial integration.,19,19,Parent II,Luba political theology integrates sacred kingship and spirit-mediated territory.,Reefe,
344,Swahili Sultan–Merchant Guild–Mosque Authority Triad,Swahili Coast,Africa (East African Coast),Traditional / Cultural,Sultan | Merchant houses | Mosque authority,I≈Sultan; R≈Guild; Sem≈Mosque,Branching,"Urban coherence sustained through political rule, mercantile coordination, and Islamic legitimacy.",18,18,Parent II,"Swahili city-states balanced trade, Islam, and governance.",Horton & Middleton,
345,Great Zimbabwe King–Cattle Wealth–Stone Enclosure Triad,Shona (Zimbabwe Plateau),Africa (Southern Africa),Traditional / Cultural,Sacred ruler | Cattle economy | Stone enclosure authority,I≈Ruler; R≈Cattle; Sem≈Enclosure,Gradient,"Authority stabilized through ritual kingship, pastoral wealth, and monumental enclosure symbolism.",18,18,Parent I,Great Zimbabwe integrated pastoral wealth and sacred architecture.,Huffman,
346,Majapahit King–Temple–Maritime Tributary Triad,Majapahit (Java),Asia (Maritime Southeast Asia),Traditional / Cultural,King | Temple cosmology | Maritime tributaries,I≈King; R≈Temple; Sem≈Tributary,Branching,Imperial order sustained through sacred kingship and sea-based tributary networks.,19,18,Parent III,Majapahit structured maritime empire through temple cosmology and tributary sovereignty.,Pigeaud,
347,Bugis Ship–Kinship–Trade Pact Triad,Bugis (Sulawesi),Asia (Maritime Southeast Asia),Traditional / Cultural,Maritime vessel | Kinship confederation | Trade pact,I≈Ship; R≈Kinship; Sem≈Pact,Branching,Maritime cohesion maintained through kin alliances and trade compacts.,18,18,Parent II,Bugis maritime networks integrated kinship and trade pacts.,Pelras,
348,Aceh Sultan–Ulama–Pepper Trade Triad,Aceh (Sumatra),Asia (Maritime Southeast Asia),Traditional / Cultural,Sultan | Ulama | Pepper trade economy,I≈Sultan; R≈Ulama; Sem≈Trade,Branching,Sultanate stability maintained through religious authority and spice trade integration.,18,18,Parent II,Aceh integrated Islamic authority and maritime spice trade.,Reid,
349,Igbo Yam Festival–Lineage–Land Tenure Triad,Igbo (West Africa),Africa (West Africa),Traditional / Cultural,Yam agricultural cycle | Lineage authority | Land tenure rights,I≈Agriculture; R≈Lineage; Sem≈Land rights,Branching,Agrarian continuity structured through ritual harvest cycles and lineage land control.,18,18,Parent I,"Igbo social order integrates agriculture, ritual timing, and land tenure.",Uchendu,
350,Balinese Subak–Temple–Irrigation Governance Triad,Balinese (Indonesia),Asia (Maritime Southeast Asia),Traditional / Cultural,Subak irrigation association | Water temple | Rice terrace network,I≈Association; R≈Temple; Sem≈Terrace system,Branching,Agricultural coordination sustained through temple calendrics and irrigation governance.,20,20,Parent II,Balinese subak integrates ritual temple calendars with irrigation engineering.,Lansing,
351,Haudenosaunee Clan Mother–Council–Wampum Law Triad,Haudenosaunee (Iroquois),Americas (North America),Traditional / Cultural,Clan mothers | Council deliberation | Wampum law codification,I≈Clan mothers; R≈Council; Sem≈Wampum law,Branching,"Confederacy stability maintained through matrilineal authority, deliberative council, and codified wampum treaties.",20,20,Parent III,"Haudenosaunee governance integrates matrilineal authority, council process, and symbolic legal codification.",Johansen; Snow,
352,Pueblo Kiva–Agriculture–Clan Governance Triad,Pueblo (Southwest US),Americas (North America),Traditional / Cultural,Kiva ceremonial chamber | Maize agriculture | Clan governance,I≈Kiva; R≈Agriculture; Sem≈Clan governance,Branching,"Village coherence maintained through ceremonial space, agricultural cycle, and clan organization.",19,19,Parent I,"Pueblo societies integrate ritual architecture, maize cultivation, and clan structure.",Ortiz; Dozier,
353,Ainu Kamuy–Clan–Hunting Territory Triad,Ainu (Hokkaido),Asia (Northeast Asia),Traditional / Cultural,Kamuy spirit world | Clan structure | Hunting-fishing territory,I≈Spirits; R≈Clan; Sem≈Territory,Branching,"Ecological balance maintained through spirit cosmology, clan mediation, and subsistence territory.",18,18,Parent I,Ainu society integrates animist cosmology and subsistence territory governance.,Siddle,
354,Baltic Sacred Grove–Clan–Seasonal Rite Triad,Pre-Christian Baltic,Europe (Baltic),Traditional / Cultural,Sacred grove | Clan assembly | Seasonal agricultural rites,I≈Grove; R≈Clan; Sem≈Rite,Branching,"Community coherence sustained through sacred landscape, clan gathering, and seasonal ritual cycle.",17,17,Parent I,Baltic pagan systems integrated sacred groves with clan governance and agricultural rites.,Gimbutas,
355,Guarani Land–Shaman–Migration Vision Triad,Guarani (Southern Amazon/Paraguay),Americas (Southern Cone/Amazonia),Traditional / Cultural,Sacred land | Shaman visionary | Migration quest,I≈Land; R≈Shaman; Sem≈Migration,Branching,Community direction sustained through prophetic migration visions tied to sacred territory.,18,18,Parent II,Guarani spiritual migrations linked land sanctity with prophetic leadership.,Clastres,
356,Norse Thing–Oath Ring–Law Speaker Triad,Norse (Scandinavia),Europe (Nordic),Traditional / Cultural,Thing assembly | Sacred oath ring | Law speaker,I≈Assembly; R≈Oath ring; Sem≈Law speaker,Branching,"Legal legitimacy maintained through sworn oath, communal assembly, and oral law transmission.",19,19,Parent III,Norse legal order stabilized through sacred oath-taking within public assembly structure.,Byock; Icelandic law codes,
357,Roman Sacramentum–Magistrate–Legion Discipline Triad,Roman Republic/Empire,Europe (Classical),Traditional / Cultural,Sacramentum oath | Magistrate authority | Legion discipline,I≈Oath; R≈Magistrate; Sem≈Discipline,Torsional,"Military cohesion sustained through oath binding, legal authority, and disciplined enforcement.",18,18,Parent II,Roman military-legal structure integrated sworn allegiance with magistrate command.,Polybius; Livy,
358,Anglo-Saxon Oath–Wergild–Kin Responsibility Triad,Anglo-Saxon England,Europe (British Isles),Traditional / Cultural,Sworn oath | Wergild compensation | Kin-based liability,I≈Oath; R≈Compensation; Sem≈Kin liability,Branching,"Justice stabilized through sworn testimony, compensatory law, and collective kin responsibility.",19,19,Parent III,Anglo-Saxon law integrated oath systems with kin-based restitution.,Attenborough; Anglo-Saxon law codes,
359,Islamic Bay‘ah–Caliph–Ummah Covenant Triad,Early Islamic Polity,Middle East,Traditional / Cultural,Bay‘ah oath | Caliphal authority | Ummah covenant,I≈Oath; R≈Caliph; Sem≈Community covenant,Gradient,Political legitimacy sustained through oath of allegiance and communal covenant theology.,18,18,Parent I,Islamic governance bound authority through sworn allegiance and covenantal theology.,Crone; Madelung,
360,Mongol Blood Oath–Khan–Clan Loyalty Triad,Mongol Steppe,Asia (Central Asia),Traditional / Cultural,Blood oath (anda) | Khan authority | Clan loyalty,I≈Oath; R≈Khan; Sem≈Clan loyalty,Torsional,Confederative unity sustained through sworn brotherhood and clan allegiance.,19,19,Parent II,Mongol political cohesion rooted in sworn brotherhood ties and khan authority.,Secret History of the Mongols,
361,Haida Potlatch Oath–Chief–Clan Witness Triad,Haida (Pacific Northwest),Americas (North America),Traditional / Cultural,Potlatch oath declaration | Chief authority | Clan witness validation,I≈Oath; R≈Chief; Sem≈Clan witness,Branching,Property and status legitimacy maintained through ceremonial declaration and communal witness.,18,18,Parent II,Haida legal recognition occurred through public oath and ceremonial validation.,Boas; Drucker,
362,Akan Oath–Stool Authority–Council Sanction Triad,Akan (Ghana),Africa (West Africa),Traditional / Cultural,Public oath (ntam) | Stool authority | Council sanction,I≈Oath; R≈Stool; Sem≈Sanction,Branching,"Legal order maintained through oath invocation, stool-based legitimacy, and council enforcement.",19,19,Parent II,Akan legal culture uses oath invocation bound to stool authority with enforceable sanctions.,Busia; Rattray,
363,Yoruba Oath Shrine–Elders’ Court–Reparation Triad,Yoruba (Nigeria),Africa (West Africa),Traditional / Cultural,Oath shrine (òrò/ògbóni context) | Elders’ court | Reparation payment,I≈Oath shrine; R≈Court; Sem≈Reparation,Branching,"Dispute resolution stabilized through sacred oath mechanisms, deliberation, and restitution.",18,18,Parent I,Yoruba adjudication integrates oath-based truth claims with elder deliberation and restitution outcomes.,Bascom; Peel,
364,Igbo Earth Oath–Lineage Court–Purification Rite Triad,Igbo (Nigeria),Africa (West Africa),Traditional / Cultural,Earth deity oath (Ala) | Lineage adjudication | Purification rite,I≈Oath; R≈Lineage court; Sem≈Purification,Branching,"Social repair maintained through sacred oath to Ala, lineage arbitration, and cleansing restoration.",19,18,Parent II,"Igbo dispute mechanisms bind truth to earth-oath, resolved by lineage courts with ritual repair.",Mbiti; Uchendu,
365,Somali Xeer Oath–Elders–Blood Compensation Triad,Somali (Horn of Africa),Africa (Horn of Africa),Traditional / Cultural,Xeer oath pledge | Council of elders | Diya (blood compensation),I≈Oath; R≈Elders; Sem≈Compensation,Branching,"Inter-clan order maintained through pledged norms, elder arbitration, and compensation settlement.",20,20,Parent III,Somali customary law (xeer) stabilizes clan relations through pledged norms and compensation-based settlements.,Lewis; Gundel,
366,Gadaa Oath–Assembly–Grade Sanction Triad,Oromo (Ethiopia),Africa (Horn of Africa),Traditional / Cultural,Gadaa oath | Assembly deliberation | Age-grade sanctions,I≈Oath; R≈Assembly; Sem≈Sanction,Branching,"Civic order maintained through oath-bound office, assembly decision, and grade-based enforcement.",20,20,Parent III,"Oromo gadaa governance binds office through oaths, maintained by assemblies and enforceable grade sanctions.",Asmarom Legesse,
367,Dharmashastra King–Judge–Shastra Triad,Classical Hindu Polity (India),Asia (South Asia),Traditional / Cultural,Raja (King) | Sabhya/Judge | Dharma Shastra (Legal Text),I≈King; R≈Judge; Sem≈Shastra,Gradient,Judicial order sustained through royal authority interpreted by judges under scriptural law.,20,20,Parent I,"Classical Hindu jurisprudence integrates royal authority, judicial deliberation, and dharmic textual grounding.",Manusmriti; Arthashastra; Lingat,
368,Arthashastra Spy–Minister–King Decision Triad,Mauryan Political Theory (India),Asia (South Asia),Traditional / Cultural,Intelligence network | Ministerial counsel | Royal decision,I≈Spy network; R≈Ministerial counsel; Sem≈Decision,Torsional,"State stability maintained through intelligence verification, ministerial mediation, and decisive rulership.",19,19,Parent II,"Kautilyan governance binds surveillance, counsel, and sovereign decision-making into state coherence.",Arthashastra (Kautilya),
369,Buddhist Vinaya Offense–Confession–Sangha Resolution Triad,Early Buddhist Sangha (India/South Asia),Asia (South Asia),Traditional / Cultural,Rule violation | Confession (pātimokkha) | Sangha adjudication,I≈Offense; R≈Confession; Sem≈Sangha resolution,Branching,Monastic order maintained through confession ritual and communal adjudication.,19,19,Parent III,"Early Buddhist legal structure preserved sangha integrity through rule, confession, and communal resolution.",Vinaya Pitaka,
370,Jain Anekantavada Dispute–Syadvada–Resolution Triad,Classical Jain Philosophy (India),Asia (South Asia),Traditional / Cultural,Disputed claim | Conditional predication (syādvāda) | Ethical resolution,I≈Claim; R≈Conditional logic; Sem≈Resolution,Gradient,Intellectual disputes stabilized through multi-perspectival logic leading to ethical harmonization.,18,18,Parent I,Jain juridical-philosophical method resolves conflict through perspectival conditional reasoning.,Tattvartha Sutra; Dundas,
371,Village Panchayat Complaint–Council–Consensus Triad,Rural India (Traditional Panchayat System),Asia (South Asia),Traditional / Cultural,Complaint | Council deliberation | Consensus verdict,I≈Complaint; R≈Deliberation; Sem≈Consensus,Branching,Local justice maintained through participatory council deliberation and consensus judgment.,20,20,Parent III,Traditional village panchayats resolve disputes through collective deliberation and consensus-based rulings.,Srinivas; Galanter,
372,Bulgarian Khan–Boyar Council–Sacral Oath Triad,First Bulgarian Empire,Europe (Balkans),Traditional / Cultural,Khan authority | Boyar council | Sacred oath sanction,I≈Khan; R≈Boyar council; Sem≈Oath sanction,Branching,Political legitimacy maintained through sovereign authority mediated by elite council and bound by sacral oath.,19,19,Parent II,"Early Bulgarian governance stabilized through sovereign command, elite mediation, and oath-bound legitimacy.",Golden; Fine,
373,Bulgarian Tsar–Patriarch–Synod Governance Triad,Medieval Bulgarian Orthodox State,Europe (Balkans),Traditional / Cultural,Tsar authority | Patriarch authority | Holy Synod council,I≈Tsar; R≈Patriarch; Sem≈Synod,Branching,Secular authority stabilized through ecclesiastical mediation and doctrinal synodal structure.,20,20,Parent I,Bulgarian Christian monarchy integrated royal power with patriarchal authority and synodal governance.,Obolensky; Runciman,
374,Great Moravian Prince–Clergy–Tribal Council Triad,Great Moravia (Early Slovak Region),Europe (Central Europe),Traditional / Cultural,Prince authority | Christian clergy | Tribal council,I≈Prince; R≈Clergy; Sem≈Council,Branching,State formation stabilized through royal command mediated by ecclesiastical authority and tribal deliberation.,19,19,Parent I,Early Moravian governance fused princely power with Christian clerical and tribal institutions.,Curta; Bowlus,
375,Slavic Customary Oath–Witness–Compensation Triad,Early Slavic / Slovak Folk Law,Europe (Central/Eastern Europe),Traditional / Cultural,Sworn oath | Community witness | Compensation settlement,I≈Oath; R≈Witness; Sem≈Compensation,Branching,Customary justice maintained through sworn testimony validated by communal witness and resolved through restitution.,18,18,Parent II,"Slavic folk adjudication integrated oath-bound testimony, communal validation, and compensation-based repair.",Attenborough; regional customary law studies,
376,Common Law Precedent Tree (Trial–Appeal–Precedent),Anglo-American Legal Tradition,Europe (British Isles) / North America,Common Law Jurisprudence,Trial Decision | Appellate Review | Precedential Inheritance,I≈Trial authority/facts; R≈jurisdictional coupling via appellate procedure; Sem≈precedent continuity across time,Branching,Doctrinal closure occurs when a holding becomes binding precedent; each appellate decision creates a fork in the lineage of rules that constrains downstream cases.,15,3,Parent III — Relational / Emergent-Integrative,Legal meaning persists through inherited rulings; disputes branch into durable doctrinal lineages.,General common law doctrine (precedent/stare decisis); appellate procedure texts,
377,Fiqh Madhhab Lineages (Usul–Rulings–School Descent),Islamic (Sunni) Jurisprudence,Middle East,Fiqh / Usul al‑Fiqh,Legal Method (Usul) | Rulings (Ahkam) | Madhhab Lineage,I≈recognized sources/legitimacy; R≈scholar–community coupling; Sem≈interpretive continuity within madhhab chains,Branching,Closure is achieved when a ruling is admitted as authoritative within a school; interpretive disagreements generate stable forks (madhahib/sub‑schools) that persist as lineages.,16,3,Parent III — Relational / Emergent-Integrative,Jurisprudence scales as a tree of methods and rulings with inherited authority and enduring forks.,Usul al‑Fiqh and madhhab histories (general),
378,Halakhic Responsa Tree (She’elot–Teshuvot–Precedent Families),Jewish Rabbinic Tradition,Middle East / Europe (Diaspora),Halakha / Rabbinic Legal Reasoning,Question (She’elah) | Response (Teshuvah) | Lineage of Rulings,I≈textual/legal authority; R≈community practice coupling; Sem≈trace continuity of rulings across generations,Branching,Closure occurs when a responsum becomes adopted or cited as controlling; divergence in interpretation creates branching families of rulings anchored by distinct authorities and contexts.,15,3,Parent III — Relational / Emergent-Integrative,Responsa literature forms a durable decision lineage where interpretations fork and remain indexed over centuries.,Responsa literature and halakhic methodology references (general),
379,Isnād Transmission Graph (Narrator–Chain–Authentication),Islamic Knowledge Sciences,Middle East,Hadith Sciences (ʿIlm al‑Hadith),Narrator Node | Chain Linkage (Isnād) | Authentication/Grading,I≈transmission capacity; R≈trust coupling between narrators; Sem≈content fidelity across lineage depth,Branching,Closure is reliability: narrations remain admissible only if lineage chains meet authentication thresholds; competing chains form branching graphs that are pruned by grading criteria.,16,4,Parent II — Structural / Constraint-Dynamical,A branching lineage system explicitly encodes provenance and prunes unstable branches via authentication.,Hadith methodology (isnād and grading frameworks; general),
380,Māori Whakapapa Genealogy (Ancestor–Descent–Role Inheritance),Māori (Aotearoa/New Zealand),Oceania & Pacific,Genealogical Governance / Oral Tradition,Ancestor Reference | Descent Branching | Social Role/Right Inheritance,I≈lineage continuity; R≈kinship coupling and obligations; Sem≈identity/meaning continuity through genealogical indexing,Branching,"Closure is recognized descent: rights, roles, and identity persist through genealogical branching; forks (sub‑lineages) remain indexed and socially actionable.",14,3,Parent III — Relational / Emergent-Integrative,Genealogy functions as a branching index that stabilizes identity and authority through inherited lines.,Whakapapa scholarship and Māori oral-history traditions (general),
381,Git Version-Control DAG (Commit–Branch–Merge),Modern Theoretical / Cross-Cultural,Modern Global – Scientific/Technical,Software Engineering / Distributed Collaboration,Commit Node | Branch Divergence | Merge/Resolution,I≈repository persistence; R≈collaboration coupling (merge constraints); Sem≈semantic continuity via history and diffs,Branching,Closure is a coherent history: commits fork into branches and are reconciled via merges; unresolved conflicts represent relational failure preventing lineage integration.,15,4,Parent II — Structural / Constraint-Dynamical,Explicit branching lineage with inheritance and reconciliation rules.,"Git model (commit DAG, branching/merging semantics; general)",
382,Blockchain Fork Histories (Consensus–Chain–Split),Modern Theoretical / Cross-Cultural,Modern Global – Scientific/Technical,Distributed Systems / Cryptoeconomics,Consensus Rule | Chain Continuity | Fork/Split Event,I≈resource floor (security budget); R≈network coupling via consensus; Sem≈ledger coherence (shared history),Branching,"Closure is agreement on a single history; forks occur when coupling fails or rules change, creating persistent branching ledgers with inherited but incompatible pasts.",15,3,Parent II — Structural / Constraint-Dynamical,Consensus failure or rule change produces durable branching histories.,Blockchain consensus and fork mechanics (general),
383,Cell Differentiation Lineage (Potency–Fate Choice–Committed Line),Modern Theoretical / Cross-Cultural,Modern Global – Scientific/Technical,Developmental Biology,Potency State | Fate Decision Node | Lineage Commitment,I≈metabolic/viability floor; R≈signaling coupling; Sem≈cell identity coherence across divisions,Branching,"Closure is stable fate commitment: differentiation proceeds through discrete bifurcation nodes; once committed, descendants inherit constraints defining a lineage branch.",15,4,Parent II — Structural / Constraint-Dynamical,A canonical branching regime: irreversible bifurcations produce lineage trees.,Embryogenesis and lineage tracing literature (general),
384,Immune Clonal Selection Tree (V(D)J–Affinity–Memory),Modern Theoretical / Cross-Cultural,Modern Global – Scientific/Technical,Immunology,Recombination Diversity | Affinity Selection | Memory Lineage,I≈cell survival floor; R≈antigen binding coupling; Sem≈recognition/program continuity via memory clones,Branching,"Closure is effective recognition: diversity branches are generated, selected, and pruned; surviving high‑affinity clones form persistent memory lineages.",15,4,Parent II — Structural / Constraint-Dynamical,Branching + pruning regime with explicit thresholded selection and inherited identity.,Affinity maturation and clonal selection models (general),
385,Griot Epic Variant Lineages (Core Narrative–Regional Forks–Performance Descent),West African (Mande/Griot traditions),Sub-Saharan Africa / Sahel,Oral Tradition / Epic Transmission,Core Narrative Kernel | Regional Variant Fork | Performer Lineage,I≈performance continuity; R≈community coupling/authority; Sem≈story coherence across generations,Branching,Closure is a recognized variant: oral epics persist through performer lineages; regional forks produce stable variant families indexed by community and lineage.,14,3,Parent III — Relational / Emergent-Integrative,Narratives branch into durable variant families maintained by lineage-based performance and authority.,West African epic transmission scholarship (general),
386,Yoruba Ifá Odu Lineage System,Yoruba (Nigeria),Sub-Saharan Africa / West Africa,Ifá Divination Corpus,Odu Classification | Interpretive Branch | Priest Lineage,I≈ritual legitimacy; R≈diviner–community coupling; Sem≈verse coherence across descent,Branching,Divination outcomes branch through canonical Odu trees producing stable interpretive descent lines.,15,3,Parent III — Relational / Emergent-Integrative,Divination outcomes branch through canonical Odu trees producing stable interpretive descent lines.,General scholarship / domain literature,
387,Tibetan Monastic Lineage Descent,Tibetan Buddhist,Central Asia / Himalayas,Vajrayana Scholastic Transmission,Root Text | Commentary Fork | Lineage Authorization,I≈institutional continuity; R≈teacher–disciple binding; Sem≈doctrinal preservation,Branching,Teachings persist via branching lineage transmission indexed by authorization chains.,15,3,Parent III — Relational / Emergent-Integrative,Teachings persist via branching lineage transmission indexed by authorization chains.,General scholarship / domain literature,
388,Sanskrit Darśana School Genealogies,Classical Indian,South Asia,Darśana Philosophy,Foundational Text | Sub-School Divergence | Commentary Descent,I≈text corpus; R≈scholastic binding; Sem≈conceptual coherence,Branching,Philosophical systems branch into durable doctrinal lineages through exegetical forks.,15,3,Parent II — Structural / Constraint-Dynamical,Philosophical systems branch into durable doctrinal lineages through exegetical forks.,General scholarship / domain literature,
389,Austronesian Kinship Classification Trees,Austronesian,Oceania & Pacific,Kinship Systems,Ancestral Node | Descent Branch | Role Inheritance,I≈lineage persistence; R≈kinship obligations; Sem≈identity continuity,Branching,Kinship categories branch irreversibly and define social inheritance structures.,15,3,Parent III — Relational / Emergent-Integrative,Kinship categories branch irreversibly and define social inheritance structures.,General scholarship / domain literature,
390,Haudenosaunee Clan Governance,Haudenosaunee Confederacy,North America,Indigenous Governance,Clan Origin | Descent Line | Council Representation,I≈clan continuity; R≈confederate coupling; Sem≈ritual/legal coherence,Branching,Authority and identity branch through matrilineal descent with durable governance implications.,15,3,Parent III — Relational / Emergent-Integrative,Authority and identity branch through matrilineal descent with durable governance implications.,General scholarship / domain literature,
391,Phylogenetic Speciation Tree,Evolutionary Biology,Global Scientific,Evolutionary Theory,Common Ancestor | Divergence Event | Species Lineage,I≈viability floor; R≈ecological coupling; Sem≈trait continuity,Branching,Speciation events generate irreversible lineage bifurcations.,15,3,Parent II — Structural / Constraint-Dynamical,Speciation events generate irreversible lineage bifurcations.,General scholarship / domain literature,
392,Crop Domestication Genealogy,Agricultural Traditions,Global Agricultural,Domestication Biology,Wild Stock | Selective Fork | Cultivar Lineage,I≈yield viability; R≈human–ecology coupling; Sem≈trait inheritance,Branching,Selective breeding generates branching cultivar descent trees.,15,3,Parent II — Structural / Constraint-Dynamical,Selective breeding generates branching cultivar descent trees.,General scholarship / domain literature,
393,Corporate Spin-Off Genealogy,Modern Corporate,Global Modern,Institutional Economics,Parent Firm | Spin-Off Event | Descendant Firm,I≈capital continuity; R≈market coupling; Sem≈brand identity,Branching,Corporate structures bifurcate through spin-offs forming durable institutional lineages.,15,3,Parent II — Structural / Constraint-Dynamical,Corporate structures bifurcate through spin-offs forming durable institutional lineages.,General scholarship / domain literature,
394,Religious Denominational Schism Trees,Global Religious,Multi-Regional,Comparative Religion,Founding Doctrine | Schism Event | Denominational Lineage,I≈institutional base; R≈community cohesion; Sem≈doctrinal coherence,Branching,Schisms create persistent branching doctrinal lineages.,15,3,Parent III — Relational / Emergent-Integrative,Schisms create persistent branching doctrinal lineages.,General scholarship / domain literature,
395,Scientific Research Program Lineages,Modern Scientific,Global Scientific,Philosophy of Science,Core Hypothesis | Experimental Fork | Research Program,I≈funding/resources; R≈collaborative coupling; Sem≈theoretical continuity,Branching,Research paradigms branch into competing descendant programs.,15,3,Parent II — Structural / Constraint-Dynamical,Research paradigms branch into competing descendant programs.,General scholarship / domain literature,
396,Diaspora Community Settlement Trees,Global Diaspora,Multi-Regional,Migration Studies,Origin Community | Migration Fork | Settlement Lineage,I≈resource continuity; R≈host-society coupling; Sem≈cultural coherence,Branching,Migration events produce branching cultural and institutional lineages.,15,3,Parent III — Relational / Emergent-Integrative,Migration events produce branching cultural and institutional lineages.,General scholarship / domain literature,
397,Clinical Differential Diagnosis Tree,Modern Medicine,Global Modern,Clinical Medicine,Symptom Node | Diagnostic Branch | Treatment Path,I≈physiological viability; R≈protocol adherence; Sem≈diagnostic coherence,Branching,Medical inference proceeds through irreversible branching decision nodes.,15,3,Parent II — Structural / Constraint-Dynamical,Medical inference proceeds through irreversible branching decision nodes.,General scholarship / domain literature,
398,Educational Tracking Pathways,Modern Education,Global Modern,Educational Policy,Assessment Node | Placement Branch | Career Trajectory,I≈access floor; R≈institutional binding; Sem≈trajectory coherence,Branching,Tracking decisions produce long-horizon branching pathways.,15,3,Parent III — Relational / Emergent-Integrative,Tracking decisions produce long-horizon branching pathways.,General scholarship / domain literature,
399,Protocol Suite Evolution (IETF),Modern Technical,Global Modern,Internet Standards,Base Protocol | Extension Fork | Version Lineage,I≈implementation persistence; R≈interoperability coupling; Sem≈spec coherence,Branching,Protocol families evolve through explicit branching and version descent.,15,3,Parent II — Structural / Constraint-Dynamical,Protocol families evolve through explicit branching and version descent.,General scholarship / domain literature,
400,West African Clan Totem Lineages,West African,Sub-Saharan Africa,Totemic Governance,Totem Origin | Clan Branch | Ritual Role,I≈ancestral continuity; R≈ritual obligation; Sem≈symbolic coherence,Branching,Totemic systems branch into clan lineages with inherited social constraints.,15,3,Parent III — Relational / Emergent-Integrative,Totemic systems branch into clan lineages with inherited social constraints.,General scholarship / domain literature,
401,Polynesian Navigation Lineage Knowledge,Polynesian,Oceania & Pacific,Navigation Traditions,Star Path Canon | Instruction Fork | Navigator Lineage,I≈knowledge preservation; R≈mentor coupling; Sem≈route coherence,Branching,Navigational knowledge branches through lineage-based transmission.,15,3,Parent III — Relational / Emergent-Integrative,Navigational knowledge branches through lineage-based transmission.,General scholarship / domain literature,
402,Buddhist Vinaya Lineage Branches,Buddhist Monastic,South/East Asia,Vinaya Transmission,Rule Canon | Regional Fork | Monastic Lineage,I≈institutional continuity; R≈community binding; Sem≈rule coherence,Branching,Monastic codes diverge into durable lineage branches.,15,3,Parent III — Relational / Emergent-Integrative,Monastic codes diverge into durable lineage branches.,General scholarship / domain literature,
403,Open-Source Fork Ecosystems,Modern Software,Global Modern,Software Collaboration,Base Project | Fork Event | Maintainer Lineage,I≈repository survival; R≈developer coupling; Sem≈design coherence,Branching,Software ecosystems scale through branching forks with inherited codebases.,15,3,Parent II — Structural / Constraint-Dynamical,Software ecosystems scale through branching forks with inherited codebases.,General scholarship / domain literature,
404,Language Family Divergence Trees,Historical Linguistics,Global Historical,Comparative Linguistics,Proto-Language | Sound Shift Fork | Daughter Language,I≈speaker continuity; R≈community coupling; Sem≈lexical coherence,Branching,Language divergence proceeds via irreversible branching events.,15,3,Parent II — Structural / Constraint-Dynamical,Language divergence proceeds via irreversible branching events.,General scholarship / domain literature,
405,Urban Planning Zoning Amendments,Modern Governance,Global Modern,Urban Planning,Base Plan | Amendment Fork | Regulatory Lineage,I≈municipal authority; R≈stakeholder coupling; Sem≈policy coherence,Branching,Zoning amendments branch into durable regulatory lineages.,15,3,Parent III — Relational / Emergent-Integrative,Zoning amendments branch into durable regulatory lineages.,General scholarship / domain literature,
406,Tongan Ha‘a Genealogical Rank Branching,Tongan,Oceania & Pacific,Genealogical Rank Systems,Ancestral Line | Rank Segment | Title Inheritance,I≈line continuity; R≈chiefly obligation coupling; Sem≈rank identity coherence,Branching,Genealogical segments define rank/title inheritance; forks persist as titled lineages.,15,3,Parent III — Relational / Emergent-Integrative,Genealogical segments define rank/title inheritance; forks persist as titled lineages.,General scholarship / domain literature,
407,Buganda Clan Lineage Governance,Baganda (Uganda),Sub-Saharan Africa / East Africa,Clan-based Governance,Clan Origin | Subclan Fork | Office Inheritance,I≈clan continuity; R≈kingdom coupling; Sem≈ritual identity coherence,Branching,Clans branch into subclans with inherited governance roles and ritual obligations.,15,3,Parent III — Relational / Emergent-Integrative,Clans branch into subclans with inherited governance roles and ritual obligations.,General scholarship / domain literature,
408,Mongol Ulus Succession Lineages,Mongol Empire,Central Asia,Imperial Succession,Founder Authority | Ulus Division | Descendant Polity,I≈imperial capacity; R≈alliance coupling; Sem≈legitimacy narrative,Branching,Territorial division creates durable political lineages (ulus) with inherited legitimacy claims.,15,3,Parent II — Structural / Constraint-Dynamical,Territorial division creates durable political lineages (ulus) with inherited legitimacy claims.,General scholarship / domain literature,
409,Khmer Royal Succession Forks,Khmer,Southeast Asia,Dynastic Genealogy,Royal House | Succession Contest | Lineage Branch,I≈dynastic survival; R≈court coupling; Sem≈legitimacy coherence,Branching,Succession disputes generate branching dynastic lines recognized in court histories.,15,3,Parent III — Relational / Emergent-Integrative,Succession disputes generate branching dynastic lines recognized in court histories.,General scholarship / domain literature,
410,Javanese Court Art School Lineages,Javanese,Southeast Asia,Court Arts Transmission,Court Canon | Master Line | School Branch,I≈canon preservation; R≈patronage coupling; Sem≈style coherence,Branching,Court arts transmit through master lineages that fork into distinct schools.,15,3,Parent III — Relational / Emergent-Integrative,Court arts transmit through master lineages that fork into distinct schools.,General scholarship / domain literature,
411,Zulu Segmentary Lineage Expansion,Zulu,Sub-Saharan Africa / Southern Africa,Segmentary Political Lineages,Founding House | Segment Split | Sub-chiefdom Line,I≈house continuity; R≈tribute coupling; Sem≈authority narrative,Branching,Chiefdoms branch through segmentary lineage splits producing durable sub-polities.,15,3,Parent III — Relational / Emergent-Integrative,Chiefdoms branch through segmentary lineage splits producing durable sub-polities.,General scholarship / domain literature,
412,Akan Stool Succession Lineages,Akan (Ghana),Sub-Saharan Africa / West Africa,Chieftaincy Succession,Stool Line | Succession Choice | Descendant Office Line,I≈institutional continuity; R≈kin council coupling; Sem≈legitimacy coherence,Branching,Stool succession decisions create durable office lineages indexed by genealogical branches.,15,3,Parent III — Relational / Emergent-Integrative,Stool succession decisions create durable office lineages indexed by genealogical branches.,General scholarship / domain literature,
413,Inka Royal Panaka Descent Branches,Inka,South America / Andes,Dynastic Kin Corporations,Sapa Inka | Panaka Branch | Estate/Ritual Inheritance,I≈estate continuity; R≈corporate kin coupling; Sem≈royal identity coherence,Branching,Royal descent corporations branch per ruler; each panaka preserves distinct lineage rights and rituals.,15,3,Parent III — Relational / Emergent-Integrative,Royal descent corporations branch per ruler; each panaka preserves distinct lineage rights and rituals.,General scholarship / domain literature,
414,Mayan Dynastic Stelae Lineage Forks,Maya,Central America,Dynastic History,Dynastic Claim | Accession Node | Lineage Branch,I≈polity survival; R≈alliance coupling; Sem≈historical narrative coherence,Branching,Accession events and disputes produce branching dynastic histories recorded in stelae/inscriptions.,15,3,Parent II — Structural / Constraint-Dynamical,Accession events and disputes produce branching dynastic histories recorded in stelae/inscriptions.,General scholarship / domain literature,
415,Roman Imperial Succession Crisis Lineages,Roman Empire,Europe / Mediterranean,Imperial Succession,Imperial Claim | Civil War Fork | Dynasty Branch,I≈state capacity; R≈legion allegiance coupling; Sem≈legitimacy narrative,Branching,Succession crises generate branching dynastic lines with competing legitimacy and institutional inheritance.,15,3,Parent II — Structural / Constraint-Dynamical,Succession crises generate branching dynastic lines with competing legitimacy and institutional inheritance.,General scholarship / domain literature,
416,Hindu Sampradaya Lineage Chains,Hindu (Bhakti traditions),South Asia,Religious Lineage Transmission,Founding Teacher | Initiatory Chain | Sub-tradition Branch,I≈institution continuity; R≈guru–disciple coupling; Sem≈practice/meaning coherence,Branching,Sampradaya lineages branch into sub-traditions through initiatory succession chains.,15,3,Parent III — Relational / Emergent-Integrative,Sampradaya lineages branch into sub-traditions through initiatory succession chains.,General scholarship / domain literature,
417,Zen Buddhist Lineage Transmission (Dharma),Zen Buddhist,East Asia,Religious Lineage Transmission,Dharma Seal | Transmission Node | Lineage Branch,I≈monastic continuity; R≈teacher-student coupling; Sem≈doctrinal continuity,Branching,Dharma transmission chains branch into lineages recognized by succession records.,15,3,Parent III — Relational / Emergent-Integrative,Dharma transmission chains branch into lineages recognized by succession records.,General scholarship / domain literature,
418,Southeast Asian Theravada Forest Tradition Lineages,Theravada Buddhist,Southeast Asia,Monastic Lineages,Practice Rule | Teacher Line | Tradition Branch,I≈institution floor; R≈lineage binding; Sem≈practice coherence,Branching,Forest traditions branch through teacher lineages and localized rule interpretations.,15,3,Parent III — Relational / Emergent-Integrative,Forest traditions branch through teacher lineages and localized rule interpretations.,General scholarship / domain literature,
419,Medieval Craft Guild Apprenticeship Lineages,European Guilds,Europe,Craft Transmission,Master Canon | Apprenticeship Chain | Shop Branch,I≈shop continuity; R≈guild regulation coupling; Sem≈technique coherence,Branching,Craft knowledge branches through apprenticeship lineages producing shop schools and regional variants.,15,3,Parent III — Relational / Emergent-Integrative,Craft knowledge branches through apprenticeship lineages producing shop schools and regional variants.,General scholarship / domain literature,
420,Printing Edition Descent (Textual Stemmatics),Textual Criticism,Global Historical,Stemmatics / Philology,Archetype Text | Copy Fork | Edition Family,I≈text persistence; R≈scribal/print coupling; Sem≈content fidelity,Branching,Manuscripts and editions diverge into families; stemmatics reconstructs branching descent.,15,3,Parent II — Structural / Constraint-Dynamical,Manuscripts and editions diverge into families; stemmatics reconstructs branching descent.,General scholarship / domain literature,
421,Myth Variant Family Trees (Comparative Mythology),Cross-cultural Myth,Global Historical,Myth Transmission,Motif Kernel | Regional Fork | Variant Lineage,I≈narrative persistence; R≈community anchoring; Sem≈meaning continuity,Branching,Myths branch into stable regional variants with inherited motifs and indexed differences.,15,3,Parent III — Relational / Emergent-Integrative,Myths branch into stable regional variants with inherited motifs and indexed differences.,General scholarship / domain literature,
422,Musical Raga Gharana Lineages,Hindustani Classical,South Asia,Music Pedagogy,Raga Canon | Gharana Fork | Pedagogical Lineage,I≈repertoire continuity; R≈guru–shishya coupling; Sem≈stylistic coherence,Branching,Gharanas branch from shared canon into distinct stylistic lineages maintained by pedagogy.,15,3,Parent III — Relational / Emergent-Integrative,Gharanas branch from shared canon into distinct stylistic lineages maintained by pedagogy.,General scholarship / domain literature,
423,Patent Family Continuation Tree,Modern IP Law,Global Modern,Patent Systems,Priority Filing | Continuation Fork | Patent Family,I≈legal floor; R≈jurisdiction coupling; Sem≈claim coherence,Branching,Patent families branch via continuations/divisionals creating indexed legal lineage trees.,15,3,Parent II — Structural / Constraint-Dynamical,Patent families branch via continuations/divisionals creating indexed legal lineage trees.,General scholarship / domain literature,
424,Startup Accelerator Alumni Lineage Trees,Modern Entrepreneurship,Global Modern,Innovation Ecosystems,Cohort Node | Spinout Fork | Founder Lineage,I≈resource runway; R≈mentor/network coupling; Sem≈mission coherence,Branching,Accelerator cohorts spawn branching founder networks and spinout companies with inherited norms.,15,3,Parent II — Structural / Constraint-Dynamical,Accelerator cohorts spawn branching founder networks and spinout companies with inherited norms.,General scholarship / domain literature,
425,Edo (Benin) Royal Line Succession,Edo (Benin Kingdom),West Africa,Dynastic Succession,Oba Origin | Succession Fork | Royal Line Branch,I≈dynastic continuity; R≈court allegiance; Sem≈legitimacy narrative coherence,Branching,Succession disputes and collateral lines create durable royal descent branches.,15,3,Parent III — Relational / Emergent-Integrative,Succession disputes and collateral lines create durable royal descent branches.,General scholarship / domain literature,
426,Tibetan Tulku Recognition Lineages,Tibetan Buddhist,Central Asia / Himalayas,Reincarnate Lineage System,Recognized Incarnation | Recognition Node | Lineage Continuity,I≈institution survival; R≈recognition authority coupling; Sem≈identity continuity across incarnations,Branching,Recognition disputes create branching tulku recognition lineages.,15,3,Parent III — Relational / Emergent-Integrative,Recognition disputes create branching tulku recognition lineages.,General scholarship / domain literature,
427,Mamluk Military Slave Lineage Networks,Mamluk Sultanate,Middle East,Elite Military Lineages,Recruitment Node | Patronage Fork | Household Lineage,I≈military viability; R≈patron-client coupling; Sem≈household identity coherence,Branching,Military households branch through patronage chains creating durable elite lineages.,15,3,Parent II — Structural / Constraint-Dynamical,Military households branch through patronage chains creating durable elite lineages.,General scholarship / domain literature,
428,Ethiopian Monastic Lineage Transmission,Ethiopian Orthodox,East Africa,Monastic Transmission,Founding Saint | Discipleship Fork | Monastery Lineage,I≈institution continuity; R≈discipleship binding; Sem≈ritual coherence,Branching,Monasteries branch via disciple-founded communities forming lineage networks.,15,3,Parent III — Relational / Emergent-Integrative,Monasteries branch via disciple-founded communities forming lineage networks.,General scholarship / domain literature,
429,Southeast Asian Royal Mandala Polity Splits,Southeast Asian Kingdoms,Southeast Asia,Mandala Political Model,Central Mandala | Peripheral Fork | Successor Polity,I≈state viability; R≈tributary coupling; Sem≈cosmological legitimacy coherence,Branching,Peripheral mandalas split into successor polities while retaining cosmological indexing.,15,3,Parent II — Structural / Constraint-Dynamical,Peripheral mandalas split into successor polities while retaining cosmological indexing.,General scholarship / domain literature,
430,Hausa Emirate Lineage Succession,Hausa States,West Africa,Islamic Emirate Governance,Emirate Origin | Succession Contest | Branching Emir Line,I≈state continuity; R≈religious-political coupling; Sem≈legitimacy coherence,Branching,Succession contests generate branching emirate lineages.,15,3,Parent III — Relational / Emergent-Integrative,Succession contests generate branching emirate lineages.,General scholarship / domain literature,
431,Andean Quipu Administrative Lineages,Inka / Andean,South America / Andes,Administrative Record Systems,Record Canon | Regional Fork | Administrative Line,I≈administrative continuity; R≈imperial coupling; Sem≈record coherence,Branching,Administrative units branch and maintain indexed quipu-based record descent.,15,3,Parent II — Structural / Constraint-Dynamical,Administrative units branch and maintain indexed quipu-based record descent.,General scholarship / domain literature,
432,Ancient Chinese Lineage Genealogies (Zupu),Han Chinese,East Asia,Clan Genealogy,Clan Founder | Descent Branch | Ancestral Register Line,I≈line survival; R≈ritual coupling; Sem≈identity continuity,Branching,Genealogical registers formalize branching descent lines across centuries.,15,3,Parent III — Relational / Emergent-Integrative,Genealogical registers formalize branching descent lines across centuries.,General scholarship / domain literature,
433,Celtic Monastic Reform Branches,Early Medieval Celtic,Western Europe,Monastic Reform,Founding Rule | Reform Fork | Abbey Lineage,I≈monastic survival; R≈ecclesial coupling; Sem≈rule coherence,Branching,Reform waves create branching abbey lineages tied to rule variations.,15,3,Parent III — Relational / Emergent-Integrative,Reform waves create branching abbey lineages tied to rule variations.,General scholarship / domain literature,
434,Balkan Patriarchal Church Splits,Eastern Orthodox,Eastern Europe / Balkans,Ecclesial Governance,Patriarchate Origin | Jurisdictional Fork | Church Lineage,I≈institutional survival; R≈jurisdiction coupling; Sem≈doctrinal coherence,Branching,Autocephaly disputes produce branching church lineages.,15,3,Parent III — Relational / Emergent-Integrative,Autocephaly disputes produce branching church lineages.,General scholarship / domain literature,
435,Korean Seon Lineage Transmission,Korean Buddhist,East Asia,Seon Transmission,Dharma Root | Transmission Fork | Temple Lineage,I≈temple continuity; R≈teacher-student coupling; Sem≈practice coherence,Branching,Seon lineages branch through transmission recognition.,15,3,Parent III — Relational / Emergent-Integrative,Seon lineages branch through transmission recognition.,General scholarship / domain literature,
436,Ottoman Janissary Household Lineages,Ottoman Empire,Middle East / Balkans,Military Household Governance,Devshirme Intake | Household Fork | Officer Line,I≈institution floor; R≈patronage coupling; Sem≈corps identity coherence,Branching,Households branch through patronage chains producing officer descent lines.,15,3,Parent II — Structural / Constraint-Dynamical,Households branch through patronage chains producing officer descent lines.,General scholarship / domain literature,
437,Papuan Big-Man Lineage Networks,Papuan Highlands,Oceania & Pacific,Segmentary Big-Man Systems,Founding Leader | Descent Fork | Exchange Lineage,I≈group survival; R≈exchange coupling; Sem≈prestige narrative coherence,Branching,Leadership branches through exchange networks creating descent lines.,15,3,Parent III — Relational / Emergent-Integrative,Leadership branches through exchange networks creating descent lines.,General scholarship / domain literature,
438,Sikh Misls Confederacy Branching,Sikh Confederacy,South Asia,Confederate Governance,Founding Khalsa | Misl Split | Confederacy Branch,I≈military viability; R≈confederate coupling; Sem≈identity coherence,Branching,Misls form branching confederate lineages with inherited leadership.,15,3,Parent II — Structural / Constraint-Dynamical,Misls form branching confederate lineages with inherited leadership.,General scholarship / domain literature,
439,Mesoamerican Codex Lineage Variants,Mesoamerican Civilizations,Central America,Codex Transmission,Base Codex | Copy Fork | Variant Lineage,I≈text survival; R≈ritual coupling; Sem≈symbol coherence,Branching,Codices branch into variant manuscript traditions.,15,3,Parent II — Structural / Constraint-Dynamical,Codices branch into variant manuscript traditions.,General scholarship / domain literature,
440,Navajo Clan Descent Branches,Navajo (Diné),North America,Clan System,Clan Origin | Descent Fork | Kinship Lineage,I≈clan continuity; R≈marriage regulation coupling; Sem≈identity coherence,Branching,Clan systems branch into durable descent lineages.,15,3,Parent III — Relational / Emergent-Integrative,Clan systems branch into durable descent lineages.,General scholarship / domain literature,
441,Medieval University Scholastic Lineages,Medieval Europe,Western Europe,Scholastic Transmission,Master Scholar | Discipleship Fork | School Lineage,I≈institution survival; R≈teacher binding; Sem≈doctrinal coherence,Branching,Scholastic traditions branch through master–student descent.,15,3,Parent III — Relational / Emergent-Integrative,Scholastic traditions branch through master–student descent.,General scholarship / domain literature,
442,Arab Tribal Segmentary Lineage System,Arab Tribal,Middle East,Segmentary Lineage Governance,Ancestral Tribe | Segment Fork | Sub-tribe Lineage,I≈tribal survival; R≈alliance coupling; Sem≈identity coherence,Branching,Segmentary splits produce durable sub-tribal branches.,15,3,Parent III — Relational / Emergent-Integrative,Segmentary splits produce durable sub-tribal branches.,General scholarship / domain literature,
443,Philippine Barangay Kinship Branching,Precolonial Filipino,Southeast Asia,Kin-based Governance,Founding Datu | Descent Fork | Barangay Lineage,I≈community continuity; R≈kin coupling; Sem≈authority coherence,Branching,Barangays branch through kin descent tied to datu lineages.,15,3,Parent III — Relational / Emergent-Integrative,Barangays branch through kin descent tied to datu lineages.,General scholarship / domain literature,
444,Medieval Textual Gloss Tradition Branching,Medieval Europe,Western Europe,Gloss Tradition,Base Text | Gloss Fork | Commentary Lineage,I≈text persistence; R≈scholastic coupling; Sem≈interpretive coherence,Branching,Gloss traditions branch into commentary families tied to scholastic schools.,15,3,Parent II — Structural / Constraint-Dynamical,Gloss traditions branch into commentary families tied to scholastic schools.,General scholarship / domain literature,
445,Philippine Babaylan Lineage Transmission,Visayan / Tagalog (Philippines),Southeast Asia,Ritual Specialist Lineages,Founding Practitioner | Apprenticeship Fork | Local Lineage,I≈ritual continuity; R≈community coupling; Sem≈practice/meaning coherence,Branching,Ritual authority and practice diverge into localized lineages through apprenticeship and community validation.,15,3,Parent III — Relational / Emergent-Integrative,Ritual authority and practice diverge into localized lineages through apprenticeship and community validation.,General scholarship / domain literature,
446,Balinese Gamelan Gharana-Style Lineages,Balinese,Southeast Asia,Music Pedagogy,Core Repertoire | Teacher Line | School Branch,I≈repertoire continuity; R≈teacher–ensemble coupling; Sem≈stylistic coherence,Branching,Performance traditions branch through teacher lineages into distinct regional/style schools.,15,3,Parent III — Relational / Emergent-Integrative,Performance traditions branch through teacher lineages into distinct regional/style schools.,General scholarship / domain literature,
447,Ainu Oral Narrative Variant Families,Ainu,East Asia / Japan,Oral Tradition Transmission,Motif Kernel | Regional Fork | Performer Lineage,I≈performance continuity; R≈community anchoring; Sem≈story coherence,Branching,Narratives branch into stable variant families maintained by performer lineages and regional custodianship.,15,3,Parent III — Relational / Emergent-Integrative,Narratives branch into stable variant families maintained by performer lineages and regional custodianship.,General scholarship / domain literature,
448,Tuareg Clan Confederation Segment Branching,Tuareg,North Africa / Sahel,Segmentary Lineage Governance,Confederation Origin | Segment Split | Clan Branch,I≈lineage persistence; R≈alliance coupling; Sem≈identity coherence,Branching,Confederations branch into segments and clans with durable lineage indexing and shifting alliance structures.,15,3,Parent III — Relational / Emergent-Integrative,Confederations branch into segments and clans with durable lineage indexing and shifting alliance structures.,General scholarship / domain literature,
449,Hmong Clan Genealogy and Naming Branches,Hmong,Southeast Asia / Diaspora,Clan System,Clan Origin | Descent Fork | Naming/Marriage Rule Line,I≈clan continuity; R≈marriage regulation coupling; Sem≈identity continuity,Branching,Clan descent produces durable branches indexed by naming and marriage rules that regulate social continuation.,15,3,Parent III — Relational / Emergent-Integrative,Clan descent produces durable branches indexed by naming and marriage rules that regulate social continuation.,General scholarship / domain literature,
450,Madhhab Sub-school Usul Forks (Usul Variants),Islamic Jurisprudence,Middle East / North Africa,Usul al-Fiqh,Foundational Usul | Method Fork | Sub-school Lineage,I≈recognized sources; R≈scholar consensus coupling; Sem≈method continuity,Branching,Methodological disagreements fork into sub-school lineages that persist within broader madhhab structures.,15,3,Parent III — Relational / Emergent-Integrative,Methodological disagreements fork into sub-school lineages that persist within broader madhhab structures.,General scholarship / domain literature,
451,Chinese Martial Arts Lineage Trees (Style Descent),Chinese Martial Arts,East Asia,Martial Lineage Transmission,Founding Style | Discipleship Fork | School Branch,I≈training continuity; R≈teacher–student coupling; Sem≈style coherence,Branching,"Styles branch through discipleship into schools with inherited forms, pedagogy, and legitimacy claims.",15,3,Parent III — Relational / Emergent-Integrative,"Styles branch through discipleship into schools with inherited forms, pedagogy, and legitimacy claims.",General scholarship / domain literature,
452,Mesoamerican Linguistic Branching (Mixe–Zoque Family),Mesoamerican,Central America,Historical Linguistics,Proto-Family | Divergence Node | Daughter Languages,I≈speaker continuity; R≈community coupling; Sem≈lexical coherence,Branching,Language families diverge through discrete historical splits producing indexed daughter-language lineages.,15,3,Parent II — Structural / Constraint-Dynamical,Language families diverge through discrete historical splits producing indexed daughter-language lineages.,General scholarship / domain literature,
453,Balkan Epic Song Variant Lineages (Gusle Traditions),South Slavic,Eastern Europe / Balkans,Oral Epic Transmission,Core Theme | Regional Fork | Singer Lineage,I≈performance continuity; R≈patron/community coupling; Sem≈narrative coherence,Branching,Epic songs branch into regional variants preserved through singer lineages and local performance ecologies.,15,3,Parent III — Relational / Emergent-Integrative,Epic songs branch into regional variants preserved through singer lineages and local performance ecologies.,General scholarship / domain literature,
454,Medieval Islamic Madrasa Scholastic Lineages,Islamic Scholastic,Middle East,Scholastic Transmission,Core Text | Commentary Fork | Teacher Chain,I≈institution floor; R≈teacher–student coupling; Sem≈doctrinal coherence,Branching,Madrasa traditions branch through teacher chains and commentarial descent forming durable scholastic lineages.,15,3,Parent III — Relational / Emergent-Integrative,Madrasa traditions branch through teacher chains and commentarial descent forming durable scholastic lineages.,General scholarship / domain literature,
455,Cuneiform Scribal School Text Families,Mesopotamian,Middle East,Scribal Curriculum Transmission,Curriculum Canon | Copy Fork | Tablet Family,I≈archival persistence; R≈school coupling; Sem≈text fidelity,Branching,Scribal copying produces tablet families; curricula branch by city-school traditions with inherited variants.,15,3,Parent II — Structural / Constraint-Dynamical,Scribal copying produces tablet families; curricula branch by city-school traditions with inherited variants.,General scholarship / domain literature,
456,Oceanic Canoe-Building Design Lineages,Micronesian / Polynesian,Oceania & Pacific,Craft Transmission,Design Canon | Apprenticeship Fork | Island School,I≈material continuity; R≈mentor coupling; Sem≈design coherence,Branching,Canoe designs branch into island schools through apprenticeship lineages and local constraint adaptation.,15,3,Parent III — Relational / Emergent-Integrative,Canoe designs branch into island schools through apprenticeship lineages and local constraint adaptation.,General scholarship / domain literature,
457,Skill Acquisition Learning Curve (Deliberate Practice),Modern Cognitive/Behavioral,Global Modern,Learning Sciences,Exposure Gradient | Error Reduction | Automaticity Stabilization,I≈time/energy availability; R≈feedback coupling; Sem≈skill coherence over time,Gradient,Performance improves through continuous exposure and feedback; thresholds appear as discrete plateaus and breakthroughs.,15,3,Parent II — Structural / Constraint-Dynamical,Performance improves through continuous exposure and feedback; thresholds appear as discrete plateaus and breakthroughs.,General scholarship / domain literature,
458,Urban Heat Island Intensity Gradient,Modern Environmental,Global Modern,Urban Ecology,Built Density | Heat Retention | Adaptive Mitigation,I≈energy balance; R≈land-atmosphere coupling; Sem≈pattern coherence across time,Gradient,Temperature intensity varies continuously with urban form; interventions shift the gradient surface.,15,3,Parent II — Structural / Constraint-Dynamical,Temperature intensity varies continuously with urban form; interventions shift the gradient surface.,General scholarship / domain literature,
459,Language Proficiency Growth Gradient (CEFR-like scaling),Modern Education,Global Modern,Second-Language Acquisition,Input Volume | Interaction Coupling | Competence Integration,I≈input availability; R≈interaction coupling; Sem≈competence coherence,Gradient,Proficiency increases along a continuous gradient with threshold certifications representing stabilized regimes.,15,3,Parent III — Relational / Emergent-Integrative,Proficiency increases along a continuous gradient with threshold certifications representing stabilized regimes.,General scholarship / domain literature,
460,Ecosystem Succession Gradient (Pioneer→Climax),Ecology,Global Scientific,Ecosystem Dynamics,Resource Availability | Species Turnover | Stability Increase,I≈resource floor; R≈species coupling; Sem≈community coherence over time,Gradient,Succession proceeds through continuous compositional change with discrete regime shifts after disturbances.,15,3,Parent II — Structural / Constraint-Dynamical,Succession proceeds through continuous compositional change with discrete regime shifts after disturbances.,General scholarship / domain literature,
461,Attention Allocation Gradient (Salience Competition),Cognitive Science,Global Scientific,Attention Dynamics,Salience Field | Competition/Selection | Stabilized Focus,I≈cognitive energy; R≈stimulus coupling; Sem≈focus coherence,Gradient,Attention moves over a salience landscape; stable focus emerges when coupling and coherence dominate noise.,15,3,Parent II — Structural / Constraint-Dynamical,Attention moves over a salience landscape; stable focus emerges when coupling and coherence dominate noise.,General scholarship / domain literature,
462,Power Grid Frequency Synchronization (Lock–Unlock),Modern Infrastructure,Global Modern,Synchronization Systems,Generation Phase | Coupling Strength | Frequency Lock,I≈generation capacity; R≈network coupling; Sem≈phase coherence,Branching,Grid stability depends on phase alignment; disturbances cause torsional drift and potential desynchronization cascades.,15,3,Parent II — Structural / Constraint-Dynamical,Grid stability depends on phase alignment; disturbances cause torsional drift and potential desynchronization cascades.,General scholarship / domain literature,
463,Circadian Entrainment (Phase Alignment to Zeitgebers),Biological Rhythms,Global Scientific,Chronobiology,Intrinsic Oscillator | Environmental Zeitgeber | Phase Lock,I≈metabolic floor; R≈environment coupling; Sem≈temporal coherence,Branching,Rhythms entrain via phase coupling; misalignment yields torsional strain and functional degradation.,15,3,Parent II — Structural / Constraint-Dynamical,Rhythms entrain via phase coupling; misalignment yields torsional strain and functional degradation.,General scholarship / domain literature,
464,Group Chant/Drumming Entrainment (Collective Phase Lock),Ritual Music (Cross-cultural),Multi-Regional,Collective Synchronization,Individual Rhythm | Social Coupling | Collective Lock,I≈participant stamina; R≈social coupling; Sem≈shared temporal coherence,Branching,Collective rhythm stabilizes through phase alignment; lock–unlock dynamics reflect torsional regime behavior.,15,3,Parent III — Relational / Emergent-Integrative,Collective rhythm stabilizes through phase alignment; lock–unlock dynamics reflect torsional regime behavior.,General scholarship / domain literature,
465,Sámi Reindeer Herding Siida Lineage Branches,Sámi,Northern Europe / Arctic,Pastoral Governance,Siida Origin | Household Fork | Grazing-Right Lineage,I≈subsistence continuity; R≈collective coordination; Sem≈customary right coherence,Branching,Herding groups branch into household lineages maintaining indexed customary rights and seasonal routes.,15,3,Parent III — Relational / Emergent-Integrative,Herding groups branch into household lineages maintaining indexed customary rights and seasonal routes.,General scholarship / domain literature,
466,Inuit Hunting Camp Kinship Branching,Inuit,Arctic North America,Kin-Based Subsistence Systems,Founding Camp | Family Fork | Resource-Use Lineage,I≈subsistence floor; R≈kin coordination; Sem≈place-knowledge continuity,Branching,Camps branch through kin splits while preserving indexed ecological knowledge and sharing rules.,15,3,Parent III — Relational / Emergent-Integrative,Camps branch through kin splits while preserving indexed ecological knowledge and sharing rules.,General scholarship / domain literature,
467,Berber (Amazigh) Tribal Segmentary Lineage,Amazigh,North Africa,Tribal Governance,Tribal Ancestor | Segment Split | Sub-tribe Lineage,I≈tribal continuity; R≈alliance/feud coupling; Sem≈identity coherence,Branching,Segmentary splits create durable tribal sub-branches with inherited obligations and identity markers.,15,3,Parent III — Relational / Emergent-Integrative,Segmentary splits create durable tribal sub-branches with inherited obligations and identity markers.,General scholarship / domain literature,
468,Pashtun Tribal Lineage Segmentation (Pashtunwali),Pashtun,South/Central Asia,Customary Governance,Tribal Origin | Segment Fork | Arbitration Lineage,I≈group continuity; R≈customary coupling; Sem≈norm coherence,Branching,Lineages branch into segments; customary arbitration regimes persist through indexed descent structures.,15,3,Parent III — Relational / Emergent-Integrative,Lineages branch into segments; customary arbitration regimes persist through indexed descent structures.,General scholarship / domain literature,
469,Hawaiian Aliʻi Genealogical Branches,Native Hawaiian,Oceania & Pacific,Royal Genealogy,Ancestral Chief | Succession Fork | Aliʻi Lineage,I≈dynastic continuity; R≈island polity coupling; Sem≈legitimacy narrative coherence,Branching,Genealogical forks produce durable chiefly lineages used to index authority and land rights.,15,3,Parent III — Relational / Emergent-Integrative,Genealogical forks produce durable chiefly lineages used to index authority and land rights.,General scholarship / domain literature,
470,Taino Cacique Lineage Branching,Taíno,Caribbean,Chiefdom Governance,Founding Cacique | Descent Fork | Regional Chief Lineage,I≈community continuity; R≈tribute coupling; Sem≈authority narrative coherence,Branching,Chiefdom succession branches into regional lineages that stabilize governance claims.,15,3,Parent III — Relational / Emergent-Integrative,Chiefdom succession branches into regional lineages that stabilize governance claims.,General scholarship / domain literature,
471,Mughal Mansabdari Service Lineage Branches,Mughal,South Asia,Imperial Administration,Service Rank | Patronage Fork | Household Lineage,I≈administrative viability; R≈patronage coupling; Sem≈rank/identity coherence,Branching,"Service careers branch through patronage households, producing durable administrative lineages.",15,3,Parent II — Structural / Constraint-Dynamical,"Service careers branch through patronage households, producing durable administrative lineages.",General scholarship / domain literature,
472,Heian Japanese Court Lineage Houses (Uji),Heian Japan,East Asia,Aristocratic Lineage,House Origin | Marriage Fork | Title Lineage,I≈house continuity; R≈marriage alliance coupling; Sem≈status coherence,Branching,"Aristocratic houses branch via marriage alliances and title inheritance, preserving indexed genealogies.",15,3,Parent III — Relational / Emergent-Integrative,"Aristocratic houses branch via marriage alliances and title inheritance, preserving indexed genealogies.",General scholarship / domain literature,
473,Mayan Ajaw Title Lineage Branching,Maya,Central America,Royal Title Transmission,Ajaw Claim | Accession Node | Title Lineage Branch,I≈polity continuity; R≈alliance coupling; Sem≈legitimacy coherence,Branching,"Title claims branch through accessions and disputes, producing indexed dynastic lineages.",15,3,Parent II — Structural / Constraint-Dynamical,"Title claims branch through accessions and disputes, producing indexed dynastic lineages.",General scholarship / domain literature,
474,Kongo Lineage-Based Chieftaincy Branches,Kongo,Central Africa,Chieftaincy Governance,Founding Line | Segment Fork | Office Lineage,I≈institution continuity; R≈kin council coupling; Sem≈legitimacy coherence,Branching,Chieftaincy offices branch through lineage segments with inherited authority and ritual obligations.,15,3,Parent III — Relational / Emergent-Integrative,Chieftaincy offices branch through lineage segments with inherited authority and ritual obligations.,General scholarship / domain literature,
475,Ashanti Asafo Company Lineages,Akan / Ashanti,West Africa,Civic-Military Associations,Company Origin | Subcompany Fork | Ritual-Office Lineage,I≈association continuity; R≈civic coupling; Sem≈symbolic coherence,Branching,"Associations branch into subcompanies with inherited offices, flags, and ritual obligations.",15,3,Parent III — Relational / Emergent-Integrative,"Associations branch into subcompanies with inherited offices, flags, and ritual obligations.",General scholarship / domain literature,
476,Cherokee Clan Descent Branches,Cherokee,North America,Clan System,Clan Origin | Descent Fork | Marriage/Role Lineage,I≈clan continuity; R≈marriage regulation; Sem≈identity coherence,Branching,Clan descent produces durable branches that regulate marriage and social roles through lineage indexing.,15,3,Parent III — Relational / Emergent-Integrative,Clan descent produces durable branches that regulate marriage and social roles through lineage indexing.,General scholarship / domain literature,
477,Andean Fiesta Cargo System Lineages,Andean,South America / Andes,Ritual Office Systems,Office Canon | Service Fork | Household Lineage,I≈ritual continuity; R≈reciprocity coupling; Sem≈community meaning coherence,Branching,Ritual office service creates branching household lineages of obligation and prestige indexed over generations.,15,3,Parent III — Relational / Emergent-Integrative,Ritual office service creates branching household lineages of obligation and prestige indexed over generations.,General scholarship / domain literature,
478,Balinese Subak Water-Temple Lineage Branching,Balinese,Southeast Asia,Irrigation Governance,Temple Canon | Subak Fork | Ritual-Coordination Lineage,I≈water access floor; R≈coordination coupling; Sem≈ritual calendar coherence,Branching,Subak units branch while maintaining indexed temple obligations and irrigation coordination lineage.,15,3,Parent III — Relational / Emergent-Integrative,Subak units branch while maintaining indexed temple obligations and irrigation coordination lineage.,General scholarship / domain literature,
479,Kabbalistic School Descent (Safed→Offshoots),Jewish Mysticism,Middle East / Europe,Mystical Transmission,Founding Text | Interpretive Fork | School Lineage,I≈textual continuity; R≈teacher-student coupling; Sem≈symbol coherence,Branching,Mystical teachings branch into schools through interpretive forks and discipleship chains.,15,3,Parent III — Relational / Emergent-Integrative,Mystical teachings branch into schools through interpretive forks and discipleship chains.,General scholarship / domain literature,
480,Tibetan Treasure Text (Terma) Lineage Branching,Tibetan Buddhist,Central Asia / Himalayas,Terma Transmission,Revelation Node | Recognition Fork | Practice Lineage,I≈lineage viability; R≈recognition authority coupling; Sem≈practice coherence,Branching,Treasure revelations branch through recognition lineages and localized practice descent.,15,3,Parent III — Relational / Emergent-Integrative,Treasure revelations branch through recognition lineages and localized practice descent.,General scholarship / domain literature,
481,Korean Clan Genealogy Registers (Jokbo),Korean,East Asia,Clan Genealogy,Clan Founder | Descent Branch | Register Lineage,I≈line continuity; R≈ritual coupling; Sem≈identity coherence,Branching,Genealogy registers formalize branching descent lines and stabilize status/identity across generations.,15,3,Parent III — Relational / Emergent-Integrative,Genealogy registers formalize branching descent lines and stabilize status/identity across generations.,General scholarship / domain literature,
482,Malay Adat Customary Law Lineage Forks,Malay,Southeast Asia,Customary Law,Adat Canon | Regional Fork | Arbitration Lineage,I≈custom continuity; R≈community coupling; Sem≈norm coherence,Branching,Customary law branches into regional variants with inherited arbitration practices and indexed norms.,15,3,Parent III — Relational / Emergent-Integrative,Customary law branches into regional variants with inherited arbitration practices and indexed norms.,General scholarship / domain literature,
483,Zulu Izibongo Praise-Poem Lineage Variants,Zulu,Southern Africa,Oral Tradition,Praise Kernel | Household Fork | Performer Lineage,I≈performance continuity; R≈patron coupling; Sem≈identity narrative coherence,Branching,Praise-poems branch into household variants preserved via performer lineages and social indexing.,15,3,Parent III — Relational / Emergent-Integrative,Praise-poems branch into household variants preserved via performer lineages and social indexing.,General scholarship / domain literature,
484,Persian Poetic School Descent (Sabk Lineages),Persian,Middle East / Central Asia,Literary Traditions,Style Canon | School Fork | Poet Lineage,I≈corpus continuity; R≈patronage coupling; Sem≈style coherence,Branching,Literary styles branch into schools with inherited stylistic constraints and canonization.,15,3,Parent III — Relational / Emergent-Integrative,Literary styles branch into schools with inherited stylistic constraints and canonization.,General scholarship / domain literature,
485,Glacial Mass Balance Gradient,Cryosphere Science,Global Scientific,Glaciology,Accumulation Gradient | Ablation Gradient | Equilibrium Line Shift,I≈mass/energy balance; R≈climate coupling; Sem≈system coherence over seasons,Branching,Glaciers evolve along continuous mass-balance gradients with threshold retreat/advance regimes.,15,3,Parent II — Structural / Constraint-Dynamical,Glaciers evolve along continuous mass-balance gradients with threshold retreat/advance regimes.,General scholarship / domain literature,
486,Nutrient Gradient in Estuaries,Marine Ecology,Global Scientific,Biogeochemistry,Nutrient Inflow | Mixing/Dispersion | Productivity Response,I≈nutrient availability; R≈hydrodynamic coupling; Sem≈ecological coherence,Branching,Productivity varies continuously along nutrient gradients; hypoxia thresholds mark regime shifts.,15,3,Parent II — Structural / Constraint-Dynamical,Productivity varies continuously along nutrient gradients; hypoxia thresholds mark regime shifts.,General scholarship / domain literature,
487,Pain Sensitization Gradient (Acute→Chronic),Neuroscience/Medicine,Global Scientific,Pain Physiology,Nociceptive Input | Central Sensitization | Persistent Pain State,I≈physiological floor; R≈neural coupling; Sem≈temporal coherence of sensation,Branching,Pain states evolve along a sensitization gradient with threshold transitions into chronic regimes.,15,3,Parent II — Structural / Constraint-Dynamical,Pain states evolve along a sensitization gradient with threshold transitions into chronic regimes.,General scholarship / domain literature,
488,Economic Development Gradient (Agrarian→Industrial→Service),Political Economy,Global Modern,Development Economics,Capital Availability | Institutional Coupling | Productivity Integration,I≈resource floor; R≈institutional coupling; Sem≈policy/identity coherence,Branching,Development proceeds through continuous change with threshold transitions between dominant sectors.,15,3,Parent III — Relational / Emergent-Integrative,Development proceeds through continuous change with threshold transitions between dominant sectors.,General scholarship / domain literature,
489,Literacy Acquisition Gradient,Education,Global Modern,Learning Sciences,Exposure | Decoding Fluency | Comprehension Integration,I≈time/resources; R≈instruction coupling; Sem≈meaning coherence,Branching,Literacy grows along a continuous gradient with discrete stabilization milestones.,15,3,Parent III — Relational / Emergent-Integrative,Literacy grows along a continuous gradient with discrete stabilization milestones.,General scholarship / domain literature,
490,Soil Moisture Gradient and Vegetation Shift,Earth Systems,Global Scientific,Ecohydrology,Moisture Availability | Root/Soil Coupling | Community Composition,I≈water floor; R≈plant-soil coupling; Sem≈ecosystem coherence,Branching,Vegetation shifts along moisture gradients with threshold desertification/greening transitions.,15,3,Parent II — Structural / Constraint-Dynamical,Vegetation shifts along moisture gradients with threshold desertification/greening transitions.,General scholarship / domain literature,
491,Thermal Comfort Gradient in Built Environments,Building Science,Global Modern,Human-Environment Systems,Ambient Temperature | Humidity/Flow Coupling | Comfort/Adaptation,I≈energy balance; R≈environment coupling; Sem≈perceived coherence,Branching,Comfort varies continuously; thresholds trigger adaptation or failure states.,15,3,Parent III — Relational / Emergent-Integrative,Comfort varies continuously; thresholds trigger adaptation or failure states.,General scholarship / domain literature,
492,Trust Formation Gradient in Social Networks,Sociology,Global Modern,Social Dynamics,Exposure | Reciprocity | Stabilized Trust,I≈interaction availability; R≈reciprocity coupling; Sem≈narrative coherence,Branching,Trust accumulates along a gradient with threshold consolidation into stable relationships.,15,3,Parent III — Relational / Emergent-Integrative,Trust accumulates along a gradient with threshold consolidation into stable relationships.,General scholarship / domain literature,
493,Habituation Gradient (Novelty→Familiarity),Cognitive Science,Global Scientific,Perception/Learning,Novelty Signal | Repetition | Reduced Response,I≈attention availability; R≈stimulus coupling; Sem≈representation coherence,Branching,Responses adapt continuously; thresholds produce categorical familiarity states.,15,3,Parent II — Structural / Constraint-Dynamical,Responses adapt continuously; thresholds produce categorical familiarity states.,General scholarship / domain literature,
494,Wound Healing Gradient (Inflammation→Remodeling),Biology/Medicine,Global Scientific,Physiology,Inflammation | Proliferation | Remodeling,I≈resource floor; R≈cellular coupling; Sem≈tissue coherence over time,Branching,Healing progresses along a continuous gradient with disruptions producing stalled regimes.,15,3,Parent II — Structural / Constraint-Dynamical,Healing progresses along a continuous gradient with disruptions producing stalled regimes.,General scholarship / domain literature,
495,Kuramoto Oscillator Synchronization,Physics/Complex Systems,Global Scientific,Synchronization Theory,Intrinsic Frequency | Coupling Strength | Phase Lock,I≈oscillator persistence; R≈coupling; Sem≈phase coherence,Branching,Phase alignment emerges through torsional coupling; lock–unlock dynamics define regime stability.,15,3,Parent II — Structural / Constraint-Dynamical,Phase alignment emerges through torsional coupling; lock–unlock dynamics define regime stability.,General scholarship / domain literature,
496,Metronome-on-Platform Phase Synchrony,Experimental Dynamics,Global Scientific,Collective Synchronization,Individual Oscillators | Shared Medium Coupling | Phase Lock,I≈energy input; R≈medium coupling; Sem≈phase coherence,Branching,Coupled oscillators synchronize via shared medium; torsional drift occurs under perturbation.,15,3,Parent II — Structural / Constraint-Dynamical,Coupled oscillators synchronize via shared medium; torsional drift occurs under perturbation.,General scholarship / domain literature,
497,Firefly Flash Synchronization,Biology,Global Scientific,Collective Behavior,Intrinsic Rhythm | Visual Coupling | Flash Lock,I≈survival/energy; R≈signaling coupling; Sem≈temporal coherence,Torsional,Collective flashing stabilizes through phase alignment; disruptions yield desynchronization.,15,3,Parent II — Structural / Constraint-Dynamical,Collective flashing stabilizes through phase alignment; disruptions yield desynchronization.,General scholarship / domain literature,
498,Audience Applause Synchronization,Social Dynamics,Global Modern,Collective Rhythm,Individual Tempo | Social Feedback | Collective Lock,I≈participation energy; R≈social coupling; Sem≈shared temporal coherence,Torsional,Crowd applause exhibits lock–unlock phase dynamics and torsional drift under noise.,15,3,Parent III — Relational / Emergent-Integrative,Crowd applause exhibits lock–unlock phase dynamics and torsional drift under noise.,General scholarship / domain literature,
499,Phase-Locked Loop Control (PLL),Electrical Engineering,Global Modern,Control Systems,Reference Phase | Error Signal Coupling | Locked Output,I≈signal integrity; R≈feedback coupling; Sem≈phase coherence,Torsional,PLL maintains phase alignment; disturbances cause cycle slips and torsional correction dynamics.,15,3,Parent II — Structural / Constraint-Dynamical,PLL maintains phase alignment; disturbances cause cycle slips and torsional correction dynamics.,General scholarship / domain literature,
500,Cardiac Pacemaker Entrainment,Physiology,Global Scientific,Cardiac Electrophysiology,Intrinsic Node Rhythm | Conduction Coupling | Synchronous Beat,I≈metabolic floor; R≈conduction coupling; Sem≈temporal coherence,Torsional,Heartbeat depends on phase-locked conduction; arrhythmias reflect torsional decoherence.,15,3,Parent II — Structural / Constraint-Dynamical,Heartbeat depends on phase-locked conduction; arrhythmias reflect torsional decoherence.,General scholarship / domain literature,
501,Coupled Circadian Oscillators (SCN Network),Chronobiology,Global Scientific,Biological Synchronization,Cellular Oscillators | Network Coupling | Ensemble Phase,I≈cell viability; R≈network coupling; Sem≈phase coherence,Torsional,SCN maintains ensemble phase; jet lag reflects torsional re-locking under shifted zeitgebers.,15,3,Parent II — Structural / Constraint-Dynamical,SCN maintains ensemble phase; jet lag reflects torsional re-locking under shifted zeitgebers.,General scholarship / domain literature,
502,Jazz Ensemble Groove Lock (Microtiming Alignment),Music Performance,Global Modern,Collective Coordination,Individual Timing | Interaction Coupling | Groove Lock,I≈stamina/skill; R≈interaction coupling; Sem≈shared temporal meaning,Torsional,Groove arises from microtiming phase alignment; drift/overcorrection produces torsional instability.,15,3,Parent III — Relational / Emergent-Integrative,Groove arises from microtiming phase alignment; drift/overcorrection produces torsional instability.,General scholarship / domain literature,
501,Kuramoto Coupled Oscillator Synchronization,Physics/Complex Systems,Global Scientific,Synchronization Theory,Natural Frequencies | Coupling Strength | Phase Differences,I≈oscillator persistence/energy; R≈coupling network; Sem≈phase coherence (order parameter),Torsional,"Phase alignment emerges via coupling; stability governed by lock, drift, and synchronization threshold.",15,3,Parent II — Structural / Constraint-Dynamical,Canonical torsional regime: coupled oscillators transition from incoherence to phase-lock as coupling crosses threshold.,Standard dynamical systems literature,torsional_kit
502,Phase-Locked Loop Control (PLL),Electrical Engineering,Global Modern,Control Systems,Reference Phase | Feedback Coupling | Locked Output Phase,I≈signal integrity floor; R≈feedback coupling; Sem≈phase coherence/lock state,Torsional,Maintains phase lock within capture range; outside range exhibits slip and relock dynamics.,15,3,Parent II — Structural / Constraint-Dynamical,PLL exemplifies torsional admissibility: lock is maintained only inside capture/hold margins; slips encode refusal.,Electronics/control textbooks,torsional_kit
503,Injection Locking (RF/Laser),Applied Physics,Global Scientific,Nonlinear Oscillations,Driver Frequency | Oscillator Mode | Phase Capture Range,I≈oscillator sustainment; R≈driver coupling; Sem≈phase lock coherence,Torsional,System locks to driver within detuning window; outside window exhibits beating and decoherence.,15,3,Parent II — Structural / Constraint-Dynamical,Injection locking formalizes torsional capture: detuning + coupling define lock/unlock boundary.,Laser/RF nonlinear dynamics literature,torsional_kit
504,Mode-Locked Laser Pulse Formation,Photonics,Global Scientific,Laser Physics,Cavity Roundtrip | Phase Coherence | Pulse Envelope,I≈gain/loss balance; R≈mode coupling; Sem≈phase-aligned spectral coherence,Torsional,Stable pulse requires mode phase alignment; instability yields multi-pulsing or collapse.,15,3,Parent II — Structural / Constraint-Dynamical,Mode-locking is torsional coherence: many modes braid into a single pulse via phase alignment.,Photonics references,torsional_kit
505,Huygens Clock Synchronization,Classical Mechanics,Global Scientific,Coupled Oscillators,Oscillator Phases | Mechanical Coupling | Anti-phase/Phase Lock,I≈oscillation persistence; R≈coupling via support; Sem≈relative phase stability,Torsional,Coupling drives convergence to stable phase relation; perturbations cause transient slips.,15,3,Parent II — Structural / Constraint-Dynamical,Historical torsional example: weak coupling yields spontaneous phase locking between oscillators.,Classical dynamics literature,torsional_kit
506,Metronomes on Shared Platform Synchrony,Experimental Dynamics,Global Scientific,Collective Synchronization,Intrinsic Tempo | Shared Medium Coupling | Collective Phase Lock,I≈drive energy; R≈platform-mediated coupling; Sem≈ensemble phase coherence,Torsional,Ensemble reaches phase lock through medium; loss of coupling yields drift and re-lock cycles.,15,3,Parent II — Structural / Constraint-Dynamical,Empirical torsional testbed: synchronization emerges via coupling through a shared medium.,Experimental demonstrations,torsional_kit
507,Josephson Junction Phase Dynamics,Condensed Matter,Global Scientific,Superconductivity,Superconducting Phase | Coupling Current | Voltage (Phase Rate),I≈supercurrent sustainment; R≈junction coupling; Sem≈phase coherence across junction,Torsional,Phase locking yields stable superconducting state; decoherence yields voltage oscillations and slips.,15,3,Parent II — Structural / Constraint-Dynamical,Josephson relations encode torsional coupling: phase differences directly drive observable dynamics.,Condensed matter references,torsional_kit
508,Three-Phase AC Power Rotation,Power Engineering,Global Modern,Electrical Power Systems,Phase A | Phase B | Phase C (120° Offsets),I≈power availability; R≈load coupling; Sem≈rotating phase coherence,Torsional,Stable rotation requires maintained phase offsets; imbalance yields torque ripple and instability.,15,3,Parent II — Structural / Constraint-Dynamical,Three-phase systems are torsional by construction: coordinated phase offsets generate coherent rotation.,Power systems references,torsional_kit
509,Power Grid Frequency Synchronization,Energy Systems,Global Modern,Grid Stability,Generator Phase | Network Coupling | Frequency Coherence,I≈generation reserve floor; R≈network coupling; Sem≈frequency/phase coherence,Torsional,"Grid stability depends on phase coherence; disturbances cause oscillations, slips, and re-synchronization.",15,3,Parent II — Structural / Constraint-Dynamical,Grid failures often manifest as torsional decoherence (loss of synchrony) rather than scalar depletion alone.,Grid stability literature,torsional_kit
510,Microgrid Islanding & Resynchronization,Energy Systems,Global Modern,Grid Control,Local Phase | Main Grid Phase | Reconnection Window,I≈local generation viability; R≈coupling protocol; Sem≈phase alignment at reconnection,Torsional,Safe reconnection requires phase alignment within tolerance; misalignment triggers refusal (trip).,15,3,Parent II — Structural / Constraint-Dynamical,Torsional gate example: reconnection is admissible only within phase/frequency tolerance bands.,Power engineering standards,torsional_kit
511,Field-Oriented Motor Control (Phase Alignment),Electrical Engineering,Global Modern,Motor Control,Rotor Phase | Stator Field Phase | Control Loop Gain,I≈torque floor; R≈electromagnetic coupling; Sem≈phase-aligned field orientation,Torsional,Torque coherence requires aligned rotating fields; misalignment yields oscillations and loss of control.,15,3,Parent II — Structural / Constraint-Dynamical,Motor control is torsional: phase misalignment directly degrades stability and output.,Motor control references,torsional_kit
512,Circadian Entrainment (Zeitgeber Lock),Chronobiology,Global Scientific,Biological Synchronization,Internal Clock Phase | Zeitgeber Cue | Phase Shift Response,I≈organism viability floor; R≈coupling to environment; Sem≈temporal coherence across days,Torsional,Phase resets align internal rhythm; insufficient coupling yields drift (jet lag) until re-lock.,15,3,Parent II — Structural / Constraint-Dynamical,Circadian entrainment formalizes torsional coherence: stable living requires lock to environmental cycles.,Chronobiology literature,torsional_kit
513,Cardiac Pacemaker Coupling (SA–AV),Physiology,Global Scientific,Cardiac Electrophysiology,SA Node Phase | AV Conduction Coupling | Ventricular Phase,I≈metabolic floor; R≈conduction coupling; Sem≈beat-to-beat coherence,Torsional,Healthy rhythm is phase-locked conduction; arrhythmias reflect torsional decoherence or slips.,15,3,Parent II — Structural / Constraint-Dynamical,Arrhythmia as torsional failure: loss of phase lock across coupled oscillatory nodes.,Medical physiology references,torsional_kit
514,Respiratory Sinus Arrhythmia (RSA),Neuroscience/Physiology,Global Scientific,Autonomic Coupling,Breath Cycle Phase | Heart Rate Phase | Vagal Coupling Strength,I≈physiologic reserve; R≈autonomic coupling; Sem≈coherent cardio-respiratory timing,Torsional,Coupling aligns heart rate with respiration; weakened coupling reduces coherence under stress.,15,3,Parent II — Structural / Constraint-Dynamical,RSA is measurable torsional coupling: coherence index tracks lock quality between oscillatory subsystems.,Autonomic physiology literature,torsional_kit
515,Neural Gamma Synchrony,Neuroscience,Global Scientific,Neural Oscillations,Oscillation Frequency | Network Coupling | Coherence Index,I≈metabolic/signal floor; R≈synaptic coupling; Sem≈phase coherence supporting binding,Torsional,Cognitive binding correlates with coherence; disruption yields decoherence and functional fragmentation.,15,3,Parent II — Structural / Constraint-Dynamical,Neural synchrony provides torsional lens for meaning-binding: coherence is literal phase coordination.,Neuroscience literature,torsional_kit
516,Phase Resetting Curve (PRC) in Neurons,Neuroscience,Global Scientific,Nonlinear Dynamics,Intrinsic Phase | Perturbation Timing | Phase Shift Response,I≈spiking viability; R≈input coupling; Sem≈timing-coherent response,Torsional,Perturbations reset phase; PRC defines capture/repel regions and lock potential.,15,3,Parent II — Structural / Constraint-Dynamical,PRCs define torsional admissibility: which inputs entrain vs destabilize depends on phase timing.,Dynamical neuroscience references,torsional_kit
517,Firefly Flash Synchronization,Biology,Global Scientific,Collective Behavior,Intrinsic Rhythm | Visual Coupling | Phase Lock,I≈energy/survival floor; R≈signaling coupling; Sem≈temporal coherence across group,Torsional,Collective synchrony emerges through coupling; noise induces drift until re-lock.,15,3,Parent II — Structural / Constraint-Dynamical,Classic biological torsion: group coherence is phase alignment under coupling constraints.,Behavioral ecology literature,torsional_kit
518,Audience Applause Synchronization,Social Dynamics,Global Modern,Collective Rhythm,Individual Tempo | Social Feedback Coupling | Collective Phase Lock,I≈participation energy; R≈auditory/social coupling; Sem≈shared temporal coherence,Torsional,Crowds switch between incoherent clapping and synchronized phase-lock; transitions show lock/unlock.,15,3,Parent III — Relational / Emergent-Integrative,Social torsion: crowds entrain into synchrony; coherence can be induced or disrupted by coupling cues.,Social dynamics literature,torsional_kit
519,Group Chant Entrainment,Anthropology/Music,Global Historic,Ritual Synchrony,Cadence Driver | Group Coupling | Coherence Threshold,I≈physiological stamina; R≈shared coupling; Sem≈meaning stabilized by temporal alignment,Torsional,Rhythmic drivers entrain group timing; coherence rises sharply once coupling crosses threshold.,15,3,Parent III — Relational / Emergent-Integrative,Ritual torsion: synchronized cadence recruits coherence and compliance via entrainment mechanisms.,Ritual/music anthropology,torsional_kit
520,El Niño–Southern Oscillation (ENSO),Climate Science,Global Scientific,Geophysical Oscillations,Ocean SST Phase | Pressure Coupling (SOI) | Feedback Timing,I≈heat reservoir floor; R≈ocean–atmosphere coupling; Sem≈phase-coherent oscillatory mode,Torsional,Coupled feedback yields oscillatory phase states; regime shifts reflect lock/slip across feedback loops.,15,3,Parent II — Structural / Constraint-Dynamical,ENSO is torsional at planetary scale: coupled phases lock into modes with drift and episodic transitions.,Climate dynamics literature,torsional_kit
521,Quasi-Biennial Oscillation (QBO),Atmospheric Science,Global Scientific,Geophysical Oscillations,Wind Regime Phase | Altitude Coupling | Periodic Reversal Timing,I≈energy in circulation; R≈wave–mean flow coupling; Sem≈phase-coherent reversal cycle,Torsional,Regular phase reversals persist via coupling; disruptions yield anomalous timing and decoherence.,15,3,Parent II — Structural / Constraint-Dynamical,QBO provides torsional lens: periodic phase reversals require maintained coupling conditions.,Atmospheric dynamics references,torsional_kit
522,Seismic Resonance Amplification,Geophysics/Engineering,Global Scientific,Resonance & Risk,Ground Motion Frequency | Structure Natural Frequency | Damping/Coupling,I≈structural capacity floor; R≈coupling to ground; Sem≈phase-aligned resonance response,Torsional,Resonant phase alignment amplifies motion; damping breaks lock reducing amplification.,15,3,Parent II — Structural / Constraint-Dynamical,Resonance is torsional hazard: alignment in frequency/phase produces amplification (catastrophic lock).,Structural dynamics literature,torsional_kit
523,Nyquist Stability (Phase Margin Gate),Control Theory,Global Modern,Feedback Stability,Loop Gain | Phase Lag | Stability Boundary,I≈actuation authority; R≈feedback coupling; Sem≈phase margin coherence,Torsional,Stability hinges on phase margin; insufficient margin triggers oscillation and divergence.,15,3,Parent II — Structural / Constraint-Dynamical,Nyquist criterion is torsional admissibility: phase margin defines whether coupling stabilizes or destabilizes.,Control theory references,torsional_kit
524,Bode Phase Margin,Control Theory,Global Modern,Feedback Stability,Frequency Response | Phase Margin | Gain Crossover,I≈authority/reserve; R≈loop coupling; Sem≈phase coherence margin,Torsional,"Maintaining phase margin prevents oscillation; loss causes ringing, overshoot, instability.",15,3,Parent II — Structural / Constraint-Dynamical,Phase margin is a torsional metric: coherence survives only within angular tolerance bands.,Control engineering references,torsional_kit
525,Hopf Bifurcation (Oscillatory Onset),Mathematics/Dynamics,Global Scientific,Nonlinear Systems,Equilibrium State | Parameter Drift | Limit-Cycle Emergence,I≈state persistence; R≈coupling/feedback; Sem≈emergent phase-coherent cycle,Torsional,Crossing boundary generates self-sustained oscillation; regime is defined by limit-cycle phase dynamics.,15,3,Parent II — Structural / Constraint-Dynamical,Hopf bifurcation marks torsional birth: oscillations appear as stable phase-coherent attractors.,Nonlinear dynamics literature,torsional_kit
526,Limit Cycle Oscillator (Stable Orbit),Mathematics/Dynamics,Global Scientific,Nonlinear Systems,Nonlinearity | Amplitude Saturation | Phase Orbit,I≈energy sustainment; R≈feedback structure; Sem≈stable phase orbit,Torsional,Stable oscillation is maintained by nonlinear feedback; perturbations decay back to orbit (re-lock).,15,3,Parent II — Structural / Constraint-Dynamical,Limit cycles formalize torsional persistence: coherence is orbit stability under perturbation.,Dynamical systems references,torsional_kit
527,Lotka–Volterra Predator–Prey Oscillation,Ecology,Global Scientific,Population Dynamics,Prey Growth Phase | Predator Growth Phase | Coupling Strength,I≈resource floor; R≈predator–prey coupling; Sem≈phase-lagged cycle coherence,Torsional,Coupled populations exhibit phase-lagged oscillations; disruptions can damp or destabilize cycles.,15,3,Parent II — Structural / Constraint-Dynamical,Ecological torsion: coupled populations lock into oscillatory cycles with characteristic phase relationships.,Ecology textbooks,torsional_kit
528,Injection-Locked Oscillator (ILO) in RF,Electrical Engineering,Global Modern,RF Systems,Free-Running Phase | Injection Coupling | Lock Range,I≈oscillator sustainment; R≈injection coupling; Sem≈phase-locked output,Torsional,"Within lock range, output phase is captured; outside range exhibits beating and phase slips.",15,3,Parent II — Structural / Constraint-Dynamical,RF ILOs provide a clean torsional gate: lock range is explicit admissibility threshold.,RF design references,torsional_kit
529,Neural Phase–Amplitude Coupling (PAC),Neuroscience,Global Scientific,Neural Oscillations,Low-Frequency Phase | High-Frequency Amplitude | Cross-Frequency Coupling,I≈signal bandwidth floor; R≈cross-frequency coupling; Sem≈coherent nested timing,Torsional,Information flow depends on coherent nesting; coupling failure yields fragmented timing structure.,15,3,Parent II — Structural / Constraint-Dynamical,PAC is torsional nesting: coherence arises when phases gate amplitudes across frequencies.,Neuroscience references,torsional_kit
530,Marshallese Wave Pattern Navigation (Swell Phase Reading),Navigation,Oceania & Pacific,Indigenous Navigation,Primary Swell Phase | Secondary Swell Phase | Canoe Alignment Coupling,I≈navigational floor; R≈coupling to wave field; Sem≈coherent phase-based bearing inference,Torsional,Bearing emerges from stable phase relations among swells; loss of coherence degrades navigation accuracy.,15,3,Parent III — Relational / Emergent-Integrative,Indigenous torsional method: navigation extracts direction from phase relations among coupled wave systems.,Ethnographic/navigation literature,torsional_kit